,full_name,age,size,commits,internal_cohesion,contributor_count,degree_centrality,firm_involvement
0,Takamichi-tsutsumi/onocolo-client,29,625,105,1.33333,3,2.0,False
1,facebook/react,1310,111516,7177,9.85429,465,464.0,True
2,FreeCodeCamp/FreeCodeCamp,731,27311,9483,7.08396,431,430.0,True
3,facebook/react-native,715,108776,7823,18.0488,387,386.0,True
4,nodejs/node,759,249997,14504,14.4746,454,453.0,True
5,reactjs/redux,574,4519,2159,2.81197,390,389.0,True
6,NARKOZ/hacker-scripts,397,274,118,0.539118,38,37.0,False
7,callemall/material-ui,859,77402,4911,7.74777,435,433.0,True
8,nylas/N1,798,84749,3844,0.389014,90,56.0,True
9,yarnpkg/yarn,340,49053,1177,2.18081,176,154.0,True
10,babel/babel,818,15661,7482,3.57802,276,274.0,True
11,ReactTraining/react-router,952,5997,3045,3.09558,343,321.0,True
12,facebookincubator/create-react-app,159,1281,623,5.13957,172,171.0,True
13,kenwheeler/slick,987,4929,767,1.84966,121,120.0,False
14,facebook/immutable-js,905,17776,1127,1.47583,106,105.0,True
15,zenorocha/clipboard.js,462,1859,228,0.231933,35,4.0,False
16,angular/material,907,45692,4064,4.10025,294,293.0,True
17,t4t5/sweetalert,806,1297,211,1.38807,47,41.0,False
18,bevacqua/dragula,620,2493,338,0.654356,33,32.0,False
19,GitbookIO/gitbook,997,8201,2561,0.496111,94,83.0,True
20,serverless/serverless,613,72935,4829,2.07681,172,167.0,True
21,zeit/hyper,176,1968,629,0.553131,100,58.0,True
22,Kickball/awesome-selfhosted,572,2218,1484,6.9703,265,1.0,False
23,facebook/flux,879,1297,359,2.28356,92,80.0,True
24,ParsePlatform/parse-server,330,3478,1598,4.62578,131,130.0,True
25,kriasoft/react-starter-kit,982,1430,732,6.81776,108,105.0,True
26,julianshapiro/velocity,982,2424,663,0.280952,36,19.0,False
27,github/fetch,785,708,448,2.14936,40,34.0,True
28,jlmakes/scrollreveal,1073,550,311,0.0,7,0.0,False
29,mxstbr/react-boilerplate,675,3367,1182,2.72864,147,146.0,False
30,mzabriskie/axios,858,2251,563,0.473706,70,58.0,False
31,Takamichi-tsutsumi/Meeeal,26,131,25,0.0,1,0.0,False
32,akotani/letel-web,41,177,72,0.833333,3,2.0,False
33,HiroNonoyama/tsurusenishiguchi_dentalClinic,45,14716,76,1.33333,3,2.0,False
34,akotani/letel-font,2,19,14,0.333333,3,1.0,False
35,naptha/tesseract.js,499,19752,230,0.288462,13,0.0,True
36,RocketChat/Rocket.Chat,585,43234,8463,4.65704,243,238.0,True
37,juliangarnier/anime,285,1990,93,0.0,10,0.0,False
38,MostlyAdequate/mostly-adequate-guide,596,4319,430,1.03913,98,86.0,True
39,segmentio/nightmare,990,2193,776,0.896586,84,74.0,True
40,mattermost/platform,558,65183,7022,3.1016,152,147.0,True
41,git-tips/tips,516,261,293,0.155686,51,0.0,True
42,Flipboard/react-canvas,601,22736,47,0.791667,16,10.0,True
43,jwagner/smartcrop.js,904,21758,80,0.111111,9,0.0,False
44,verekia/js-stack-from-scratch,72,1295,272,0.772414,30,29.0,False
45,ampproject/amphtml,479,220600,4802,8.56962,263,262.0,True
46,knsv/mermaid,778,29066,597,0.89963,47,0.0,False
47,keen/dashboards,795,2103,230,0.290441,17,0.0,True
48,gionkunz/chartist-js,1016,13193,797,0.263277,60,31.0,False
49,parkjs814/AlgorithmVisualizer,100,17498,701,0.746881,34,29.0,False
50,yaronn/blessed-contrib,677,5255,310,0.166256,29,0.0,False
51,legomushroom/mojs,903,136509,1167,0.111111,9,1.0,False
52,jiahaog/nativefier,498,10795,611,0.888384,45,2.0,False
53,petehunt/webpack-howto,889,469,49,1.67974,18,17.0,False
54,Selz/plyr,670,7666,639,0.0361345,35,0.0,True
55,DrkSephy/es6-cheatsheet,334,162,145,0.801829,41,39.0,False
56,aurelia/framework,742,1841,514,0.858386,74,0.0,True
57,feross/standard,682,807,929,2.12894,69,58.0,False
58,erikras/react-redux-universal-hot-example,549,9096,939,4.23984,105,101.0,False
59,facebook/draft-js,306,3549,301,1.95047,82,74.0,True
60,fbsamples/f8app,287,10878,19,1.85,5,0.0,True
61,Automattic/wp-calypso,409,38364,14494,2.55341,221,215.0,True
62,ptmt/react-native-macos,417,48961,6797,20.2736,386,378.0,False
63,jaywcjlove/awesome-mac,156,1264,495,0.503759,57,48.0,False
64,ruanyf/react-demos,487,1271,61,0.214286,8,1.0,False
65,VincentGarreau/particles.js,831,304,228,0.538462,13,8.0,False
66,FormidableLabs/webpack-dashboard,120,69,83,0.306154,26,0.0,True
67,wekan/wekan,1063,2008,426,1.96443,23,22.0,True
68,chrisaljoudi/uBlock,754,103993,2641,1.99024,41,35.0,False
69,sindresorhus/pageres,1043,8946,324,1.89524,21,10.0,False
70,rollup/rollup,590,2112,1623,0.86776,61,1.0,True
71,maxwellito/vivus,899,438,111,1.01462,19,13.0,False
72,buunguyen/octotree,946,57083,462,0.463964,37,33.0,False
73,airbnb/enzyme,408,1908,644,0.829231,165,1.0,True
74,facebook/relay,500,13475,1439,4.52613,157,155.0,True
75,Bilibili/flv.js,222,472,306,0.0,3,0.0,True
76,storybooks/react-storybook,281,4541,912,0.735367,64,54.0,True
77,arasatasaygin/is.js,684,1142,386,0.336007,34,1.0,False
78,kesenhoo/android-training-course-in-chinese,904,97062,1544,2.07041,80,71.0,False
79,oneuijs/You-Dont-Need-jQuery,367,528,396,0.146259,49,3.0,True
80,hacksalot/HackMyResume,447,2979,667,1.07143,8,7.0,False
81,zeit/next.js,80,414,395,0.78449,50,47.0,True
82,gorhill/uBlock,632,92669,4406,1.68754,58,57.0,False
83,avajs/ava,767,4188,910,0.800884,92,77.0,True
84,alsotang/node-lessons,786,2154,221,1.21324,17,0.0,False
85,davezuko/react-redux-starter-kit,547,1006,959,6.04553,102,99.0,False
86,chenglou/react-motion,553,4423,738,1.85993,55,50.0,False
87,qrohlf/trianglify,943,3289,141,0.535714,8,7.0,False
88,Matt-Esch/virtual-dom,1057,808,389,0.397504,34,2.0,False
89,trueadm/inferno,692,28474,3629,1.25405,75,69.0,False
90,Netflix/falcor,656,19873,1754,1.13841,41,38.0,True
91,dthree/cash,266,400,165,0.372549,18,2.0,False
92,gatsbyjs/gatsby,577,60654,686,0.317677,100,1.0,True
93,docker/kitematic,838,26677,2130,1.06328,57,51.0,True
94,Famous/famous,427,8421,579,1.80595,72,69.0,True
95,purifycss/purifycss,557,214,250,0.302198,14,0.0,True
96,relax/relax,480,7389,1696,0.0992647,17,5.0,True
97,gaearon/redux-devtools,480,823,385,1.3532,55,50.0,False
98,mozilla/metrics-graphics,964,5692,1401,0.210976,41,1.0,True
99,mobxjs/mobx,649,13149,1098,0.896296,55,49.0,True
100,thejameskyle/the-super-tiny-compiler,272,72,1,0.0,1,0.0,False
101,nosir/cleave.js,184,1201,155,0.030303,12,0.0,False
102,developit/preact,470,796,732,0.180816,50,12.0,False
103,shekhargulati/52-technologies-in-2016,352,63715,152,0.225,16,7.0,False
104,iissnan/hexo-theme-next,754,11595,910,3.64799,88,87.0,False
105,Dogfalo/materialize,833,141906,2664,2.26497,184,171.0,False
106,ruanyf/jstraining,52,4019,56,0.238095,7,0.0,False
107,Mango/slideout,674,6100,135,1.14835,14,12.0,True
108,AngularClass/angular2-webpack-starter,658,3071,1551,4.47276,138,137.0,True
109,karpathy/convnetjs,1055,27806,57,0.347619,15,11.0,False
110,sbstjn/timesheet.js,934,483,46,0.0,5,0.0,False
111,gaearon/react-hot-loader,891,681,309,1.18578,53,35.0,False
112,huluoyang/freecodecamp.cn,183,33280,8517,11.0739,313,309.0,False
113,vladikoff/chromeos-apk,461,156,121,0.0,9,0.0,False
114,reactjs/react-redux,530,585,478,2.03007,66,0.0,True
115,Microsoft/ChakraCore,353,57244,3838,1.22616,71,70.0,True
116,rethinkdb/horizon,373,9867,776,1.03799,56,0.0,True
117,twitter/twemoji,778,399157,151,0.538177,29,20.0,True
118,facebook/nuclide,664,104449,7655,2.01156,126,125.0,True
119,cyclejs/cyclejs,777,9150,2065,0.898198,75,60.0,True
120,paularmstrong/normalizr,857,432,175,0.309113,29,0.0,False
121,akveo/blur-admin,258,87339,468,0.186813,14,0.0,True
122,plotly/plotly.js,414,169819,11193,3.27102,58,57.0,True
123,geeeeeeeeek/electronic-wechat,294,1332,212,0.330484,27,0.0,False
124,aFarkas/lazysizes,778,2235,576,0.269231,26,0.0,False
125,GoogleChrome/lighthouse,291,9383,1348,3.15373,51,47.0,True
126,JedWatson/react-select,851,14001,1509,5.32379,181,180.0,False
127,yelouafi/redux-saga,391,4028,998,2.02367,149,140.0,False
128,Nickersoft/push.js,523,228,88,0.0,8,0.0,False
129,gabrielbull/react-desktop,412,4369,421,0.709091,11,2.0,False
130,metalsmith/metalsmith,1054,2355,310,0.477273,44,2.0,True
131,coryhouse/react-slingshot,353,457,468,0.33926,53,0.0,False
132,ruanyf/es6tutorial,978,3281,994,0.852314,78,75.0,False
133,graphql/graphql-js,542,1670,850,2.17595,80,13.0,True
134,thejameskyle/itsy-bitsy-data-structures,144,146,24,0.0333333,21,0.0,False
135,OAI/OpenAPI-Specification,1024,1178,656,0.649455,84,58.0,True
136,kimmobrunfeldt/progressbar.js,780,2251,384,0.1,6,0.0,False
137,reactjs/react-router-redux,409,310,376,0.808282,70,8.0,True
138,jaredreich/notie,406,5807,102,0.142857,8,1.0,False
139,howdyai/botkit,377,1233,889,2.03137,104,103.0,True
140,LeaVerou/awesomplete,672,522,265,0.630229,39,31.0,False
141,Laverna/laverna,1060,5564,1600,0.0117371,72,0.0,True
142,reflux/refluxjs,890,1018,551,0.708333,64,1.0,True
143,auchenberg/volkswagen,413,260,92,1.26364,11,3.0,False
144,reactjs/reselect,539,399,388,1.3549,51,44.0,True
145,reactotron/reactotron,243,14089,441,0.891304,23,4.0,True
146,dcloudio/mui,853,7633,394,1.01786,8,7.0,True
147,react-toolbox/react-toolbox,577,9807,1953,1.06644,140,3.0,True
148,callmecavs/layzr.js,503,1393,199,0.535714,8,0.0,False
149,daniel-lundin/snabbt.js,911,949,54,0.833333,16,5.0,False
150,typicode/hotel,577,2068,515,0.477124,18,16.0,False
151,justjavac/awesome-wechat-weapp,92,347,209,0.563283,57,38.0,False
152,NeXTs/Clusterize.js,529,1906,58,2.95,5,2.0,False
153,liabru/matter-js,1022,25397,570,0.432749,19,16.0,False
154,js-cookie/js-cookie,643,421,499,1.25484,31,30.0,True
155,google/lovefield,813,49310,1046,0.526144,18,7.0,True
156,chmln/flatpickr,500,2863,968,0.46549,51,0.0,False
157,erikras/redux-form,512,133084,1331,1.07084,152,145.0,False
158,FormidableLabs/radium,682,2149,930,0.746544,63,14.0,True
159,fengyuanchen/cropper,1034,10188,795,0.59,25,0.0,False
160,vuejs/vuex,527,9701,511,1.89512,91,85.0,True
161,deepstreamIO/deepstream.io,775,6232,633,1.61905,15,14.0,True
162,chentsulin/electron-react-boilerplate,586,3892,724,1.88078,51,48.0,False
163,decosoftware/deco-ide,197,407456,207,1.37179,13,12.0,True
164,gavinkwoe/weapp-ide-crack,19,73,66,0.455556,10,8.0,False
165,gaearon/react-dnd,786,24346,613,0.394805,56,1.0,False
166,santinic/how2,311,2254,117,0.0,9,0.0,False
167,leanote/leanote,964,65596,644,0.539216,18,17.0,True
168,bendc/sprint,846,787,85,0.0,1,0.0,False
169,openstf/stf,549,58125,1844,0.153846,14,0.0,True
170,recharts/recharts,502,2648,687,0.919872,40,39.0,True
171,JedWatson/classnames,766,158,194,1.84239,24,0.0,False
172,aframevr/aframe,467,142351,2324,1.34759,96,95.0,True
173,sdc-alibaba/SUI-Mobile,547,6485,613,0.609524,15,11.0,True
174,bpampuch/pdfmake,1068,20505,528,0.102273,56,0.0,False
175,tholman/elevator.js,481,8692,70,0.166667,10,5.0,False
176,bvaughn/react-virtualized,415,29156,1138,1.07169,67,62.0,False
177,you-dont-need/You-Dont-Need-Lodash-Underscore,299,112,149,0.496923,26,21.0,True
178,rauchg/slackin,673,577,302,1.08754,55,46.0,False
179,ConnorAtherton/walkway,745,86,58,0.155556,10,4.0,False
180,mjmlio/mjml,329,1786,992,0.867227,35,32.0,True
181,vigetlabs/gulp-starter,1078,2019,342,0.3,41,30.0,True
182,sandstorm-io/sandstorm,1081,14957,6134,1.15028,63,53.0,True
183,keeweb/keeweb,420,6979,1108,0.0047619,15,0.0,True
184,TalAter/UpUp,625,28511,207,0.402778,9,1.0,False
185,brave/browser-laptop,394,40921,4851,1.58394,100,99.0,True
186,IonicaBizau/git-stats,681,5497,318,0.566667,15,0.0,False
187,VPenkov/okayNav,312,2804,14,0.261905,7,0.0,False
188,substack/browserify-handbook,935,680,115,1.26103,17,13.0,False
189,Microsoft/Windows-universal-samples,644,194871,82,0.0,3,0.0,True
190,keithwhor/nodal,603,1566,735,0.891304,23,22.0,False
191,olistic/warriorjs,436,237,127,0.0,2,0.0,False
192,addyosmani/critical,890,1232,355,1.73162,17,0.0,False
193,FormidableLabs/spectacle,537,3281,370,1.17172,45,36.0,True
194,nasa/openmct,570,27159,4311,0.644269,23,0.0,True
195,MarshallOfSound/Google-Play-Music-Desktop-Player-UNOFFICIAL-,512,169877,1096,0.687783,52,45.0,False
196,typicode/lowdb,998,385,279,0.379167,16,12.0,False
197,filamentgroup/loadCSS,922,147,124,0.752632,20,12.0,True
198,Swiip/generator-gulp-angular,954,3320,1013,1.46076,98,91.0,False
199,sentsin/layer,927,924,142,0.472222,9,7.0,False
200,AllThingsSmitty/jquery-tips-everyone-should-know,484,252,130,0.0,13,0.0,False
201,gaearon/redux-thunk,511,58,66,2.60131,18,15.0,False
202,luruke/barba.js,396,11255,149,0.0333333,6,0.0,False
203,jariz/vibrant.js,318,937,17,0.0833333,4,1.0,False
204,zeman/perfmap,33,966,41,0.119048,7,0.0,False
205,erming/shout,938,11547,864,2.88462,52,51.0,False
206,yahoo/react-intl,975,1895,504,1.22681,32,6.0,True
207,butterproject/butter-desktop,432,32338,862,1.18318,37,34.0,True
208,date-fns/date-fns,809,3296,736,0.0515873,36,0.0,True
209,nfarina/homebridge,742,1835,845,1.84061,74,68.0,False
210,reapp/reapp,520,234,244,0.252381,15,5.0,True
211,timuric/Content-generator-sketch-plugin,965,172715,143,0.884211,20,18.0,False
212,wulkano/kap,132,1459,454,1.13636,12,5.0,True
213,tessalt/echo-chamber-js,114,4506,52,0.285714,7,4.0,False
214,krasimir/react-in-patterns,185,833,79,0.52381,7,0.0,False
215,dthree/vorpal,480,766,432,0.348485,22,5.0,False
216,MoOx/postcss-cssnext,867,9094,457,0.954596,43,35.0,False
217,necolas/react-native-web,562,3295,455,1.2125,16,8.0,False
218,acgotaku/BaiduExporter,871,3971,221,0.0416667,9,0.0,False
219,algolia/places,271,4676,557,1.61905,15,0.0,True
220,OwlCarousel2/OwlCarousel2,976,2436,434,0.511837,50,47.0,False
221,driftyco/ng-cordova,933,28518,1021,2.29096,140,123.0,True
222,primer/octicons,920,17613,127,0.340476,21,1.0,True
223,samyk/poisontap,25,4487,26,0.333333,6,4.0,False
224,zhukov/webogram,1084,74052,1590,0.46716,47,43.0,False
225,pagekit/vue-resource,1047,768,305,0.833333,13,12.0,True
226,cjb/GitTorrent,120,350,76,0.0555556,9,0.0,False
227,callmecavs/bricks.js,315,230,181,0.0,2,0.0,False
228,ipselon/structor,428,11600,278,0.142857,8,1.0,False
229,camwiegert/in-view,110,199,156,0.133333,6,1.0,False
230,duojs/duo,872,3393,688,1.86051,24,0.0,True
231,react-native-community/react-native-elements,107,732,216,0.569048,21,14.0,True
232,sveltejs/svelte,34,704,401,0.227273,11,0.0,True
233,FormidableLabs/victory,530,12243,324,1.85673,19,1.0,True
234,sarcadass/granim.js,32,247,65,0.3,5,3.0,False
235,amfe/lib-flexible,817,8594,8,0.416667,4,1.0,True
236,matthew-andrews/isomorphic-fetch,661,47,80,2.34722,9,0.0,False
237,luin/medis,435,49302,196,0.0,2,0.0,False
238,ruanyf/webpack-demos,490,311,94,0.619048,15,10.0,False
239,maxogden/menubar,639,202,128,0.664286,21,0.0,False
240,styled-components/styled-components,129,1044,599,1.00975,48,45.0,True
241,twitter/labella.js,332,3463,163,0.785714,7,0.0,True
242,amark/gun,875,27239,613,0.204678,19,10.0,False
243,Jam3/devtool,271,201,165,0.65,5,4.0,True
244,shipitjs/shipit,677,86,115,0.197802,14,0.0,True
245,metafizzy/flickity,722,1616,444,0.281818,11,6.0,True
246,gaearon/react-transform-boilerplate,230,96,79,1.58225,22,21.0,False
247,Popmotion/popmotion,859,19499,738,0.533333,6,5.0,True
248,acdlite/recompose,444,579,455,1.00571,50,43.0,False
249,cazala/synaptic,743,4148,237,0.0342105,20,1.0,False
250,facebook/fixed-data-table,608,12989,308,5.05668,39,37.0,True
251,marmelab/ng-admin,945,68595,2120,1.53927,60,59.0,True
252,peterramsing/lost,648,684,425,0.169048,21,1.0,False
253,gaearon/react-hot-boilerplate,820,1602,91,1.90789,20,14.0,False
254,lapwinglabs/x-ray,641,1292,174,0.270769,26,0.0,True
255,oblador/react-native-vector-icons,565,1590,294,1.83621,29,20.0,False
256,benoitvallon/react-native-nw-react-calculator,438,1800,177,0.4,6,0.0,False
257,infinitered/ignite,318,14542,1039,0.228502,46,0.0,True
258,FezVrasta/popper.js,264,1629,131,1.34722,9,0.0,False
259,kdzwinel/betwixt,333,2214,74,0.0,2,0.0,False
260,slap-editor/slap,978,1579,597,0.198529,17,0.0,True
261,vvo/gifify,759,7814,103,1.16374,19,5.0,False
262,henryboldi/felony,320,3920,298,0.428571,15,0.0,False
263,hiloteam/Hilo,534,11859,113,0.118182,11,0.0,True
264,ruipgil/scraperjs,811,149,143,0.0,10,0.0,False
265,dthree/vantage,556,577,316,0.0666667,16,0.0,False
266,goatslacker/alt,681,6343,1259,1.36394,87,0.0,False
267,clappr/clappr,1042,29028,2660,0.933974,40,37.0,True
268,Hashnode/mern-starter,317,1982,297,0.422475,38,27.0,True
269,elementalui/elemental,591,2643,763,1.94615,26,12.0,True
270,yhat/rodeo,619,25803,1187,0.119048,7,0.0,True
271,google/end-to-end,573,8293,749,1.49692,26,24.0,True
272,gskinner/regexr,936,968,163,0.3,6,2.0,False
273,kolodny/exercises,596,134,78,0.190476,15,0.0,False
274,race604/ZhiHuDaily-React-Native,326,1970,56,0.25,4,2.0,False
275,casesandberg/react-color,485,5289,518,1.23908,30,28.0,False
276,yoshuawuyts/choo,227,426,384,0.443434,45,12.0,False
277,sachinchoolur/lightgallery.js,143,56862,53,0.0892857,8,0.0,False
278,etsy/hound,714,4775,160,0.322638,34,25.0,True
279,STRML/react-grid-layout,725,8880,371,0.583744,29,26.0,False
280,electron-userland/electron-packager,640,621,544,1.86522,49,0.0,True
281,airbnb/react-dates,232,2033,132,1.23763,31,28.0,True
282,rishabhp/bideo.js,20,11972,14,0.0,1,0.0,False
283,jonathantneal/flexibility,411,496,48,0.05,5,0.0,False
284,gajus/react-css-modules,468,407,268,0.322134,23,0.0,False
285,yuche/vue-strap,442,13903,563,0.378039,51,37.0,False
286,thejameskyle/spectacle-code-slide,210,8426,44,0.214286,7,2.0,False
287,VodkaBears/Vide,861,48771,227,0.69697,12,9.0,False
288,baidu-ife/ife,636,326961,200,0.0128205,13,0.0,True
289,Khan/tota11y,577,2406,310,0.185897,13,0.0,True
290,aksonov/react-native-router-flux,486,1517,495,3.24738,140,135.0,False
291,muicss/mui,673,8154,456,1.0974,22,1.0,True
292,Soundnode/soundnode-app,970,377583,632,0.0714286,42,0.0,True
293,Aerolab/midnight.js,587,2060,50,0.571429,8,0.0,True
294,jonschlinkert/remarkable,826,1613,454,0.904301,31,0.0,False
295,anijs/anijs,965,1197,166,1.86667,6,2.0,True
296,reactjs/react-tutorial,831,1039,160,1.67927,41,39.0,True
297,tj/frontend-boilerplate,348,91,86,0.560606,22,18.0,False
298,dylang/npm-check,919,261,195,0.385375,23,0.0,False
299,codemix/fast.js,894,496,172,0.4,10,2.0,True
300,sentsin/layui,456,1656,27,1.0,2,1.0,False
301,anthonyshort/deku,774,2575,1060,0.595819,42,23.0,False
302,nolanlawson/optimize-js,80,2374,93,0.2,11,0.0,False
303,reactjs/react-router-tutorial,317,217,95,0.139744,40,0.0,True
304,zalmoxisus/redux-devtools-extension,423,9792,734,0.809524,21,0.0,False
305,redfin/react-server,315,3186,1795,1.39855,46,45.0,True
306,yeoman/generator-webapp,1041,4889,594,1.40323,94,0.0,True
307,justjavac/Google-IPs,639,141,25,0.0,1,0.0,False
308,MichMich/MagicMirror,1038,10792,715,1.30435,47,46.0,False
309,nfl/react-helmet,552,273,242,0.536946,29,21.0,True
310,dularion/streama,509,71407,207,0.442857,21,18.0,False
311,markdown-it/markdown-it,725,2771,835,0.867596,42,35.0,True
312,futurice/pepperoni-app-kit,247,2990,137,0.665441,17,15.0,True
313,mycolorway/simditor,1060,5836,631,1.58333,16,15.0,True
314,Zhouzi/TheaterJS,683,559,246,0.429825,19,0.0,False
315,lerna/lerna,385,485,352,2.80898,50,2.0,True
316,mattkrick/meatier,408,1087,256,1.0751,23,0.0,False
317,zachfitz/Ionic-Material,541,7773,157,0.303333,25,15.0,False
318,astoilkov/jsblocks,663,3931,234,0.261905,7,1.0,False
319,feross/webtorrent-desktop,583,113096,1553,0.516043,34,0.0,False
320,michalsnik/aos,509,1098,148,0.0333333,6,0.0,False
321,alvarotrigo/pagePiling.js,796,2789,80,0.238095,7,2.0,False
322,facebook/mention-bot,397,361,200,3.08897,57,53.0,True
323,arkency/reactjs_koans,465,153,224,0.11413,24,0.0,True
324,bartonhammond/snowflake,369,30264,249,1.05435,24,18.0,False
325,BloombergMedia/whatiscode,432,52036,668,0.333744,29,22.0,True
326,JexCheng/regulex,842,292,39,0.5,2,1.0,False
327,PixelsCommander/HTML-GL,654,25979,159,0.5,5,1.0,False
328,happypoulp/redux-tutorial,453,243,167,0.584204,42,39.0,False
329,gwendall/way.js,720,4006,244,0.3,5,1.0,False
330,vuejs/vue-cli,359,88,114,1.58658,22,9.0,True
331,a8m/angular-filter,899,786,696,0.795798,35,34.0,False
332,GeekyAnts/NativeBase,253,14141,260,1.11508,28,27.0,True
333,Moeditor/Moeditor,179,2839,256,0.309942,19,14.0,True
334,yahoo/gifshot,774,20407,379,0.0416667,9,0.0,True
335,ianstormtaylor/slate,190,52816,1339,0.493237,46,36.0,False
336,rtfeldman/seamless-immutable,786,513,430,0.331667,25,0.0,False
337,lebab/lebab,665,1939,725,0.444444,19,15.0,True
338,moose-team/friends,487,1924,416,3.51333,25,9.0,True
339,Raynos/mercury,979,1621,588,0.609195,30,26.0,False
340,FormidableLabs/nodejs-dashboard,72,50,65,0.0,4,0.0,True
341,stylelint/stylelint,751,6270,2767,0.748355,96,84.0,True
342,ankane/pghero,876,798,514,0.722222,10,8.0,False
343,litten/hexo-theme-yilia,846,9847,136,0.6,10,0.0,False
344,chjj/ttystudio,48,924,76,0.0,2,0.0,False
345,jetpacapp/DeepBeliefSDK,924,225108,306,0.0535714,8,0.0,True
346,expressjs/multer,1056,4942,201,0.145238,21,1.0,True
347,mikesall/charted,768,489,192,0.0897436,13,4.0,False
348,skv-headless/react-native-scrollable-tab-view,558,6765,333,1.65727,57,45.0,False
349,iSimar/HackerNews-React-Native,532,6782,101,0.0714286,7,0.0,False
350,bevacqua/rome,768,9209,293,0.177778,10,5.0,False
351,GetmeUK/ContentTools,441,1782,272,0.771667,25,19.0,True
352,leecade/react-native-swiper,598,8106,188,1.85269,31,30.0,False
353,benhowdle89/grade,33,451,48,0.527778,9,3.0,False
354,googlesamples/md2googleslides,9,1764,4,0.0,1,0.0,True
355,denysdovhan/bash-handbook,340,247,206,1.57381,21,18.0,False
356,WhitestormJS/whitestorm.js,472,263909,1241,0.115385,14,1.0,True
357,Valve/fingerprintjs2,673,584,227,0.434729,29,26.0,False
358,Aufree/awesome-wechat-weapp,66,51,58,1.38636,12,8.0,False
359,ghosh/uiGradients,842,1581,511,2.09062,120,116.0,False
360,kenwheeler/cash,808,566,282,0.997076,19,0.0,False
361,fians/Waves,684,596,100,0.351648,14,0.0,False
362,garbles/why-did-you-update,130,581,17,0.7,6,1.0,False
363,google/incremental-dom,557,644,409,1.12536,27,1.0,True
364,reek/anti-adblock-killer,969,6487,444,0.0,10,0.0,False
365,svaarala/duktape,1077,64915,7706,0.124339,28,0.0,False
366,luin/ioredis,629,1264,709,0.845137,44,39.0,False
367,voronianski/flux-comparison,488,2792,210,0.784585,23,3.0,False
368,pandao/editor.md,648,15453,43,0.108974,13,6.0,False
369,zeit/micro,336,187,114,1.80476,15,9.0,True
370,VodkaBears/Remodal,945,829,316,0.00952381,15,0.0,False
371,callmecavs/jump.js,522,100,114,0.0,6,0.0,False
372,zzmp/juliusjs,671,3106,54,0.9,5,1.0,False
373,andrewngu/sound-redux,395,2755,364,0.609091,11,9.0,False
374,NYTimes/pourover,609,1399,38,0.0705128,13,0.0,True
375,nathancahill/Split.js,439,271,153,0.0,3,0.0,False
376,airbnb/hypernova,198,133,54,1.25,8,0.0,True
377,NeXTs/Jets.js,567,2884,44,7.55,5,3.0,False
378,acdlite/redux-actions,530,279,119,0.866402,28,22.0,False
379,vasanthk/js-bits,595,259,269,0.025641,13,0.0,False
380,romannurik/AndroidAssetStudio,685,6274,23,0.05,5,1.0,False
381,sachinchoolur/lightGallery,1026,80364,236,0.243316,34,21.0,False
382,vuejs/vue-hackernews-2.0,140,219,127,1.05455,11,0.0,True
383,Yomguithereal/baobab,722,1378,717,0.420677,34,27.0,False
384,rchipka/node-osmosis,647,695,102,0.0,2,0.0,False
385,addyosmani/psi,876,319,192,3.38462,13,0.0,False
386,devtools-html/debugger.html,275,5303,1254,1.64471,69,68.0,True
387,btford/write-good,962,68,90,0.230769,14,0.0,False
388,jacoborus/nanobar,927,147,61,0.0138889,9,0.0,False
389,felipernb/algorithms.js,1013,709,341,0.737154,23,17.0,False
390,ProseMirror/prosemirror,505,2872,59,4.0,2,1.0,True
391,bendc/animateplus,296,52,2,0.0,2,0.0,False
392,ampedandwired/html-webpack-plugin,866,562,375,0.569182,54,27.0,False
393,xviniette/FlappyLearning,137,11546,20,0.0,2,0.0,False
394,documentationjs/documentation,654,3007,796,1.16783,42,40.0,True
395,playcanvas/engine,957,50059,6249,0.78655,19,18.0,True
396,liabru/jquery-match-height,1026,316,119,0.1,10,0.0,False
397,HospitalRun/hospitalrun-frontend,1000,96698,2157,0.54399,65,2.0,True
398,h2non/toxy,204,257,228,0.190476,7,3.0,False
399,xat/castnow,791,138,154,0.473856,18,0.0,False
400,aroc/side-comments,627,3932,150,0.233333,6,0.0,False
401,IonicaBizau/scrape-it,185,42,56,0.0,4,0.0,False
402,Khan/aphrodite,405,472,124,1.7316,22,19.0,True
403,graphql/graphiql,500,956,364,2.28003,37,36.0,True
404,hustcc/timeago.js,178,214,179,1.06272,42,40.0,False
405,s-a/iron-node,501,8565,290,0.0,4,0.0,False
406,yaronn/wopr,259,324,80,0.0,4,0.0,False
407,FormidableLabs/react-game-kit,66,914,20,1.66667,3,1.0,True
408,jsonresume/resume-cli,911,17484,412,0.642992,33,26.0,True
409,SlexAxton/css-colorguard,705,87,92,0.583333,13,0.0,False
410,webpack/react-starter,518,898,127,0.228571,21,0.0,True
411,kartik-v/bootstrap-fileinput,1028,10318,664,0.845082,61,0.0,False
412,tholman/intense-images,874,41847,109,0.0222222,10,0.0,False
413,RickWong/react-isomorphic-starterkit,417,264,155,0.214286,15,7.0,False
414,babel/babel-sublime,711,1196,285,1.01818,11,2.0,True
415,google/code-prettify,604,16398,94,0.0857143,15,0.0,True
416,alexk111/SVG-Morpheus,537,151,40,2.85,5,1.0,False
417,NextStepWebs/simplemde-markdown-editor,554,9127,490,1.31897,29,28.0,True
418,gchq/CyberChef,25,2375,57,0.0,4,0.0,True
419,formly-js/angular-formly,949,31134,1030,0.650594,54,39.0,True
420,kriasoft/react-static-boilerplate,537,380,160,0.398333,25,0.0,True
421,katiefenn/parker,972,130,49,0.0879121,14,0.0,False
422,taobaofed/react-web,377,7594,273,0.809524,15,13.0,True
423,jdan/isomer,966,779,102,0.0882353,18,1.0,False
424,jtblin/angular-chart.js,868,50067,365,0.49127,36,31.0,False
425,heroku/react-refetch,401,483,476,1.79057,55,36.0,True
426,usablica/progress.js,563,1492,14,0.0,3,0.0,True
427,lambci/lambci,145,11332,127,0.166667,3,1.0,True
428,davidmerfield/Typeset,440,1168,135,0.0,6,0.0,False
429,Tonejs/Tone.js,1017,7794,2157,0.514286,15,13.0,True
430,DanielRapp/doppler,317,7306,27,1.0,2,1.0,False
431,terwanerik/ScrollTrigger,129,109,62,0.0,5,0.0,False
432,xinthink/react-native-material-kit,535,1229,370,0.370707,45,0.0,False
433,Netflix/vector,655,10668,388,0.0961538,13,0.0,True
434,princejwesley/Mancy,450,14024,573,0.0777778,10,0.0,False
435,appetizermonster/hain,280,6095,230,0.0283333,25,1.0,False
436,bigspaceship/shine.js,988,696,7,2.33333,3,1.0,True
437,franciscop/cookies.js,75,205,2,0.0,2,0.0,False
438,ademilter/bricklayer,88,3434,106,0.25,5,1.0,False
439,ParsePlatform/parse-dashboard,320,3648,357,1.6039,56,54.0,True
440,react-webpack-generators/generator-react-webpack,1075,468,362,0.700929,42,34.0,True
441,iam4x/pokemongo-webspoof,128,7053,80,0.0490196,18,0.0,False
442,mewo2/terrain,5,1297,4,0.0,1,0.0,False
443,vuejs/vue-devtools,811,4248,275,1.07692,13,0.0,True
444,th0r/webpack-bundle-analyzer,58,232,86,0.0,4,0.0,False
445,okonet/react-dropzone,818,877,322,1.02722,58,55.0,False
446,yannickcr/eslint-plugin-react,734,1449,922,1.68697,132,130.0,False
447,semantic-release/semantic-release,830,272,198,2.30797,24,18.0,True
448,RafalWilinski/express-status-monitor,145,431,177,0.373626,14,7.0,False
449,timekit-io/booking-js,419,4675,269,0.2,5,0.0,True
450,kriskowal/gtor,685,4356,76,0.340909,12,0.0,False
451,pornel/slip,982,124,92,0.467033,14,11.0,False
452,jonathantneal/svg4everybody,955,132,75,0.242857,15,8.0,False
453,acdlite/redux-router,466,215,241,1.33806,39,37.0,False
454,substance/substance,491,4969,2704,0.766667,10,7.0,True
455,uber/react-map-gl,442,3697,204,0.856884,24,20.0,True
456,WhisperSystems/Signal-Desktop,1015,55136,2211,0.328986,46,32.0,True
457,Fooidge/PleaseJS,718,3027,39,0.0,9,0.0,False
458,Famous/famous-angular,595,17511,1137,1.18487,35,34.0,True
459,pheuter/essential-react,647,343,71,0.119048,7,2.0,False
460,aui/font-spider,726,13998,41,0.0833333,4,0.0,False
461,nodejs/node-convergence-archive,203,168143,10930,14.5207,443,441.0,True
462,fangwei716/30-days-of-react-native,218,93714,63,0.0,1,0.0,False
463,andris9/mailtrain,255,2681,250,0.722222,9,7.0,False
464,angular/material-start,628,634,7,9.0,3,2.0,True
465,pakastin/deck-of-cards,183,1982,200,0.267857,8,5.0,False
466,twitter-fabric/velocity-react,471,459,87,0.0380952,15,0.0,True
467,mjackson/history,522,937,782,1.35459,49,0.0,False
468,GetStream/Winds,85,45523,483,0.0333333,10,0.0,True
469,GoogleChrome/sw-precache,727,515,409,0.370115,30,0.0,True
470,rnpm/rnpm,257,317,507,2.81319,14,1.0,True
471,expressjs/morgan,1017,301,213,2.55455,11,1.0,True
472,browserhtml/browserhtml,653,74497,1843,1.899,38,15.0,True
473,FaridSafi/react-native-gifted-chat,404,23697,378,2.8589,33,31.0,False
474,lihongxun945/jquery-weui,348,8828,230,0.0,2,0.0,False
475,electron-userland/electron-builder,583,107868,776,0.989348,57,52.0,True
476,snabbdom/snabbdom,593,557,303,0.223867,47,0.0,True
477,sindresorhus/xo,499,221,204,2.27204,31,29.0,False
478,jxnblk/rebass,679,5340,606,0.587912,14,6.0,False
479,cdmedia/cms.js,238,422,56,0.0357143,8,0.0,False
480,alexanderGugel/ied,488,4274,367,0.171429,15,3.0,False
481,officert/mongotron,420,9088,1072,0.480392,18,8.0,False
482,alibaba/anyproxy,800,2819,325,0.0,10,0.0,True
483,webcomponents/webcomponentsjs,802,2844,469,3.12971,52,50.0,True
484,dempfi/ayu,98,883,56,0.0,7,0.0,False
485,JsAaron/jQuery,1073,11386,627,0.0,1,0.0,False
486,YabataDesign/afterglow-theme,723,9948,73,0.0,2,0.0,False
487,weixin/WeFlow,59,2547,51,1.16667,3,2.0,True
488,twbs/bootlint,840,2166,573,3.25758,12,10.0,True
489,dvajs/dva,182,261,257,0.598901,14,11.0,True
490,akiran/react-slick,761,2652,527,1.60599,63,58.0,False
491,dontcontactme/p2pspider,286,123,105,0.1,6,0.0,False
492,FormidableLabs/react-music,108,639,55,2.99091,11,10.0,True
493,plasma-umass/browsix,296,16594,662,0.160714,8,2.0,True
494,gajus/swing,787,2758,183,0.125,8,0.0,False
495,b3log/wide,849,20583,1403,1.09167,16,14.0,True
496,michaelbromley/angularUtils,1004,1014,226,0.127957,31,14.0,False
497,sindresorhus/np,494,624,72,1.04678,19,9.0,False
498,paulirish/memory-stats.js,163,557,65,0.82381,15,5.0,False
499,reactGo/reactGo,765,2141,761,1.17476,39,34.0,True
500,fengyuanchen/viewerjs,325,27852,90,0.0,5,0.0,False
501,ecomfe/fontmin,638,29639,160,1.2,5,3.0,True
502,electron/electron-quick-start,434,39,52,3.51082,22,21.0,True
503,jonan/ForkHub,799,9517,2719,1.66092,88,79.0,False
504,Wisembly/basil.js,865,208,94,0.22381,15,1.0,True
505,acdlite/flux-standard-action,536,72,42,1.02778,9,0.0,False
506,jxcore/jxcore,929,85160,1155,0.635081,32,31.0,True
507,team-gryff/react-monocle,76,6327,403,1.26667,6,5.0,True
508,t32k/stylestats,988,480,504,0.222222,10,0.0,False
509,Aluxian/Messenger-for-Desktop,622,54296,1291,0.190909,11,0.0,False
510,angular/quickstart,660,1357,145,1.31287,19,14.0,True
511,AriaFallah/WebpackTutorial,236,230,95,0.121212,12,5.0,False
512,AndrewBelt/hack.chat,496,3730,86,0.238095,7,3.0,False
513,dariusk/corpora,1016,3147,548,0.972475,101,73.0,False
514,bevacqua/fuzzysearch,441,15,19,0.166667,3,1.0,False
515,skatejs/skatejs,1054,5929,3320,0.704637,32,0.0,True
516,expressjs/session,1034,947,385,0.714286,63,49.0,True
517,paypal/accessible-html5-video-player,837,118,62,1.26389,9,8.0,True
518,shinygang/Vue-cnodejs,480,2021,102,0.25,9,5.0,False
519,staltz/rxmarbles,810,8698,176,0.45,5,0.0,False
520,soulwire/fit.js,1055,73,34,0.0357143,8,0.0,False
521,turbo/js,4,26,18,0.0,2,0.0,False
522,mephux/komanda,420,75670,397,0.404762,22,18.0,False
523,LeaVerou/bliss,467,557,382,0.891738,27,21.0,False
524,garris/BackstopJS,796,8615,647,0.664344,42,0.0,False
525,dailymotion/hls.js,692,17505,2229,2.80981,67,64.0,True
526,wix/react-templates,688,5380,516,1.06695,27,26.0,True
527,zythum/mama2,532,6594,120,0.0,8,0.0,False
528,MrRio/vtop,886,5554,237,0.204762,15,0.0,False
529,redux-observable/redux-observable,246,5558,265,0.743011,31,0.0,True
530,nuxt/nuxt.js,59,426,318,0.2,11,2.0,True
531,javierbyte/img2css,279,3064,36,0.0,4,0.0,False
532,cowbell/sharedrop,892,1908,318,2.5,5,2.0,True
533,nteract/hydrogen,591,742,893,0.214286,22,0.0,True
534,wdjungst/react-project,251,343,126,0.0222222,10,0.0,False
535,GoogleChrome/sw-toolbox,596,1114,262,2.49451,14,8.0,True
536,lewis617/react-redux-tutorial,351,1670,91,0.0,1,0.0,False
537,swagger-api/swagger-editor,951,106862,1669,0.361991,52,10.0,True
538,facebook/dataloader,453,101,48,3.16667,7,0.0,True
539,geekcompany/DeerResume,723,1185,23,0.0,1,0.0,True
540,prikhi/pencil,624,8012,256,0.833333,16,13.0,False
541,letsgetrandy/brototype,794,94,102,0.917582,14,13.0,False
542,kba7/trugithub,144,976,2,0.0,1,0.0,False
543,jupyter/notebook,624,19756,9600,7.27798,248,247.0,True
544,sindresorhus/speed-test,419,180,29,6.83333,4,1.0,False
545,getguesstimate/guesstimate-app,490,8028,3252,0.615385,13,3.0,True
546,plouc/mozaik,728,5551,346,0.602941,17,4.0,False
547,oliver-moran/jimp,808,823734,352,0.469697,33,0.0,False
548,mxstbr/sharingbuttons.io,560,4070,158,0.275641,13,0.0,False
549,react-cosmos/react-cosmos,1051,3342,957,0.827206,17,13.0,True
550,json-schema-form/angular-schema-form,999,19054,831,1.20972,69,55.0,True
551,somebee/imba,911,11666,619,0.571429,8,0.0,False
552,ubolonton/js-csp,1011,747,341,0.137255,18,3.0,False
553,WechatFE/vConsole,182,767,216,0.0,7,0.0,True
554,pixelcog/parallax.js,858,1145,66,0.0,11,0.0,True
555,reactjs/react-future,702,83,64,15.4667,10,4.0,True
556,henriquea/minigrid,496,2110,229,0.0571429,15,3.0,False
557,nikgraf/belle,627,19654,1512,0.128571,15,0.0,False
558,bramstein/fontfaceobserver,734,424,197,0.178571,8,3.0,False
559,wentin/underlineJS,727,9337,221,0.133333,6,1.0,False
560,facebookarchive/fb-flo,589,188,155,0.713439,23,0.0,True
561,GriddleGriddle/Griddle,917,5698,778,0.480576,57,0.0,True
562,lukehaas/RegexHub,28,96,62,0.329167,16,12.0,False
563,reactjs/react-modal,823,5290,187,1.32979,48,44.0,True
564,mgechev/angularjs-in-patterns,635,1597,229,0.654545,11,0.0,False
565,typicode/husky,905,93,159,0.150735,17,8.0,False
566,andypetrella/spark-notebook,840,15966,2062,1.78377,56,54.0,False
567,knownsec/KCon,752,521463,19,0.0,2,0.0,True
568,christianalfoni/formsy-react,780,2246,307,1.21171,37,35.0,False
569,jagenjo/webglstudio.js,508,6033,8,0.0,1,0.0,False
570,GitbookIO/editor-legacy,507,6386,368,0.863636,11,0.0,True
571,vuejs-templates/webpack,363,870,250,2.19902,48,47.0,True
572,Famous/engine,138,5683,2250,1.55128,27,26.0,True
573,yahoo/fluxible,776,2100,551,1.77113,72,69.0,True
574,react-native-material-design/react-native-material-design,377,159,172,1.32428,24,19.0,True
575,babel/babili,260,9893,616,2.80167,25,21.0,True
576,rdio/jsfmt,702,258,361,0.585714,21,9.0,True
577,Yomguithereal/react-blessed,225,1485,102,1.32222,10,0.0,False
578,HenrikJoreteg/hjs-webpack,640,326,360,1.21149,30,27.0,False
579,felicegattuso/datedropper,638,250,72,0.324561,19,12.0,False
580,raphaelcruzeiro/jquery-notebook,946,351,124,0.0,10,0.0,False
581,luster-io/impulse,320,499,81,0.261905,7,1.0,True
582,fex-team/fis3,651,13645,1192,0.163866,35,0.0,True
583,BinaryMuse/fluxxor,637,16331,27,0.0952381,15,0.0,False
584,bitshadow/iconate,576,502,56,0.0,4,0.0,False
585,trueinteractions/tint2,679,26777,1124,0.375,9,0.0,True
586,szwacz/electron-boilerplate,597,5383,361,1.88841,41,0.0,False
587,oblador/react-native-animatable,409,281,121,0.555556,9,7.0,False
588,addyosmani/tmi,723,156,66,7.06944,9,0.0,False
589,JoelOtter/kajero,86,7153,111,0.5,2,1.0,False
590,evancohen/smart-mirror,469,11642,454,1.58172,31,30.0,False
591,flyjs/fly,502,734,529,0.610672,23,1.0,True
592,claudiajs/claudia,322,886,523,0.839744,13,10.0,True
593,Thomas101/wmail,346,16419,522,0.515152,12,5.0,False
594,gorhill/uMatrix,780,10488,1024,0.621377,24,10.0,False
595,serratus/quaggaJS,796,88852,251,0.152778,9,0.0,False
596,js-next/react-style,848,398,242,2.04545,11,8.0,True
597,dleitee/strman,150,450,274,0.0,8,0.0,False
598,DevExpress/testcafe,612,30361,756,2.9619,15,14.0,True
599,thomaspark/flexboxfroggy,396,1690,210,0.580049,29,27.0,False
600,weareoutman/clockpicker,915,1030,72,0.5,3,2.0,False
601,facebook/jscodeshift,655,712,219,6.45873,36,1.0,True
602,hrescak/Sketch-Flex-Layout,480,937,29,0.0,2,0.0,False
603,johnpapa/ng-demos,897,14404,608,1.25,5,0.0,False
604,draft-js-plugins/draft-js-plugins,301,4970,1583,1.4971,70,68.0,True
605,jezen/is-thirteen,261,323,303,0.0272283,91,0.0,False
606,getflourish/Sketch-Style-Inventory,676,497,59,0.416667,4,2.0,False
607,cssinjs/jss,802,1041,715,1.5665,29,11.0,True
608,huytd/agar.io-clone,578,1145,572,1.47643,55,51.0,False
609,aickin/react-dom-stream,210,45,63,0.0,1,0.0,False
610,acdlite/flummox,436,1505,650,1.82353,34,26.0,False
611,nolanlawson/pokedex.org,371,27403,293,0.384615,14,9.0,False
612,stephen/airsonos,1016,764,107,0.0,6,0.0,False
613,bodymovin/bodymovin,668,26458,1038,0.0,6,0.0,False
614,shadowsocks/ShadowsocksX-NG,192,7855,146,0.418182,11,9.0,True
615,pedant/safe-java-js-webview-bridge,897,1761,43,0.0,1,0.0,False
616,brownhci/WebGazer,301,141746,50,0.0,8,0.0,True
617,majodev/google-webfonts-helper,693,273,105,0.35,5,0.0,False
618,meteoric/meteor-ionic,598,718,246,0.849231,26,24.0,True
619,chieffancypants/angular-hotkeys,1016,519,147,0.638462,26,21.0,False
620,googleanalytics/autotrack,419,684,259,0.107143,8,0.0,True
621,Codeinwp/Ideal-Image-Slider-JS,827,6661,93,0.52381,7,5.0,True
622,survivejs/react,636,32491,2547,0.782609,47,45.0,True
623,yangshun1029/aria2gui,553,18414,86,0.0,2,0.0,False
624,uber/deck.gl,371,32232,490,0.277174,24,0.0,True
625,diafygi/gethttpsforfree,393,189,94,0.519608,18,17.0,False
626,wooorm/alex,477,4846,135,3.88889,10,0.0,False
627,optimizely/nuclear-js,804,5748,468,0.290323,31,0.0,True
628,troolee/gridstack.js,724,1559,621,0.992473,31,27.0,False
629,kdchang/reactjs101,287,7802,483,0.0190476,15,0.0,False
630,simplaio/rucksack,507,1223,103,0.666667,3,1.0,True
631,chenglou/react-tween-state,658,1449,147,1.16667,7,0.0,False
632,muan/mojibar,532,290,151,0.214286,15,0.0,False
633,pubkey/rxdb,21,6500,122,0.0,5,0.0,False
634,box/t3js,540,3637,198,0.24359,13,2.0,True
635,resin-io/etcher,421,11356,850,0.410714,8,1.0,True
636,jakiestfu/himawari.js,12,79,57,0.0,5,0.0,False
637,alibaba/f2etest,477,66978,125,0.0,1,0.0,True
638,peerigon/updtr,419,1007,149,0.5,9,0.0,True
639,staltz/flux-challenge,343,11605,226,0.48419,23,16.0,False
640,artf/grapesjs,329,20619,417,0.5,2,1.0,False
641,expressjs/body-parser,1080,544,322,2.0,16,0.0,True
642,AngularClass/NG6-starter,579,474,182,0.616995,29,1.0,True
643,MicheleBertoli/css-in-js,567,193,134,0.561265,23,3.0,False
644,mathieudutour/git-sketch-plugin,324,3972,106,0.0,3,0.0,False
645,AngularClass/ng-fx,890,4217,318,0.366667,15,2.0,True
646,romannurik/MaterialColorsApp,254,489,46,0.5,6,5.0,False
647,hugeinc/styleguide,656,33023,193,0.0694444,9,0.0,True
648,MicheleBertoli/react-fix-it,9,613,19,0.0,2,0.0,False
649,telerik/kendo-ui-core,1056,64501,6882,1.49022,170,0.0,True
650,bigardone/phoenix-trello,299,658,413,0.604396,14,13.0,False
651,CartoDB/odyssey.js,685,17995,515,1.20513,13,0.0,True
652,agershun/alasql,788,72378,1459,0.115385,27,0.0,False
653,DKirwan/calendar-heatmap,295,320,24,0.208333,9,5.0,False
654,salesforce-ux/design-system,465,20746,4349,0.0942529,30,0.0,True
655,binggg/mrn,24,31738,59,1.66667,3,1.0,False
656,egret-labs/egret-core,1044,66585,4286,0.398674,33,20.0,True
657,chinchang/cta.js,472,488,47,0.55,5,1.0,False
658,uber/react-vis,304,1094,351,0.254902,18,9.0,True
659,evgenyrodionov/redux-logger,484,500,228,0.722617,38,1.0,False
660,pencilblue/pencilblue,910,16046,2948,2.28586,45,43.0,True
661,liferay/senna.js,866,10056,561,4.30769,14,13.0,True
662,tjmehta/101,866,583,277,0.48538,19,0.0,False
663,terkelg/ramme,90,5499,76,0.0,8,0.0,False
664,Miserlou/Glance-Bookmarklet,200,1558,114,0.0,13,0.0,False
665,insin/nwb,410,1753,638,1.5,7,3.0,False
666,manosim/gitify,560,4691,643,0.121212,12,2.0,False
667,smyte/jsxstyle,603,147,113,0.763636,11,0.0,True
668,web-animations/web-animations-js,754,2791,1368,0.997836,22,18.0,True
669,daniel-nagy/md-data-table,561,1992,161,0.0512821,13,0.0,False
670,guyonroche/exceljs,742,1165,156,0.242944,32,0.0,False
671,gcanti/tcomb-form-native,635,690,174,0.503676,17,9.0,False
672,FrontendMasters/front-end-handbook,479,4860,353,0.508523,33,28.0,True
673,kern/filepizza,637,7192,200,0.522222,10,0.0,False
674,clauderic/react-infinite-calendar,204,3713,128,0.5,2,1.0,False
675,tomchentw/react-google-maps,790,9243,586,0.162879,33,0.0,False
676,fouber/page-monitor,273,825,107,0.0,3,0.0,False
677,julianshapiro/blast,682,49,40,1.5,2,1.0,False
678,jayphelps/core-decorators.js,608,224,218,0.533333,16,2.0,False
679,marceljuenemann/angular-drag-and-drop-lists,994,228,111,0.535714,8,1.0,False
680,dfahlander/Dexie.js,1032,6464,1019,0.48419,23,21.0,False
681,pusher/atom-pair,630,4017,289,0.5,5,3.0,True
682,morishitter/stylefmt,499,497,603,1.20813,29,25.0,False
683,pstadler/flightplan,1035,360,200,0.0,10,0.0,False
684,mafintosh/playback,626,1924,179,1.88235,18,17.0,False
685,jnicol/particleground,728,336,12,0.0,2,0.0,False
686,threepointone/glamor,156,1025,571,0.646199,19,0.0,False
687,Financial-Times/polyfill-service,912,6700,2353,1.2631,98,0.0,True
688,CharlieHess/slack-poker-bot,604,5717,240,0.5,10,9.0,False
689,clauderic/react-sortable-hoc,193,447,145,0.047619,22,0.0,False
690,okor/justice,346,492,82,0.0,5,0.0,False
691,lightningtgc/MProgress.js,602,1393,53,1.41667,4,1.0,False
692,moroshko/react-autosuggest,649,6597,595,0.509231,26,16.0,False
693,rt2zz/redux-persist,517,272,394,0.124855,42,5.0,False
694,wooorm/franc,888,2165,250,0.0,5,0.0,False
695,nnupoor/js_designpatterns,222,29,60,0.0178571,8,0.0,False
696,jakearchibald/svgomg,686,1906,210,0.652778,9,2.0,False
697,olebedev/go-starter-kit,470,503,134,2.60714,8,0.0,False
698,esbullington/react-d3,585,4407,729,1.37179,27,26.0,False
699,twitter/twitter-text,751,5221,1587,0.624678,97,78.0,True
700,babel/babel-loader,799,239,306,2.55556,54,47.0,True
701,tobegit3hub/seagull,728,5402,161,0.0984849,12,0.0,False
702,AlloyTeam/AlloyFinger,202,1113,57,0.0,3,0.0,True
703,wangfupeng1988/wangEditor,775,10539,249,0.0,6,0.0,False
704,graphql/express-graphql,507,194,209,3.34286,21,0.0,True
705,trailsjs/trails,391,406,386,0.653595,18,2.0,True
706,muicss/loadjs,528,197,89,0.0833333,4,0.0,True
707,krasimir/deb.js,373,470,46,0.0,6,0.0,False
708,DavidWells/isomorphic-react-example,584,1466,31,0.5,7,5.0,False
709,sindresorhus/caprine,458,2481,160,1.15033,18,3.0,False
710,zhangkaitao/shiro-example,886,3880,62,0.0,2,0.0,False
711,GoogleChrome/ui-element-samples,281,9225,119,0.847619,15,6.0,True
712,florianheinemann/passwordless,899,720,144,0.0178571,8,1.0,False
713,shoutem/ui,129,47170,124,0.217949,13,0.0,True
714,gaearon/flux-react-router-example,773,2555,110,2.78571,7,4.0,False
715,WPOTools/steady.js,521,499,47,0.818182,11,5.0,True
716,andywer/webpack-blocks,87,178,200,0.2,5,2.0,False
717,catalinmiron/react-native-dribbble-app,561,5431,62,0.7,5,2.0,False
718,LaunchKit/LaunchKit,60,13653,22,0.0,2,0.0,True
719,whackashoe/antimoderate,188,516,15,0.0,4,0.0,False
720,be5invis/Iosevka,515,382572,849,0.0138889,9,0.0,False
721,panzerdp/voca,275,2525,470,0.0,6,0.0,False
722,cure53/H5SC,821,5902,53,0.166667,3,1.0,False
723,Semantic-Org/Semantic-UI-React,554,98863,1839,0.0429965,48,0.0,True
724,bevacqua/woofmark,618,4122,110,0.0,2,0.0,False
725,dvLden/Vidage,136,5225,27,0.0,2,0.0,False
726,adonisjs/adonis-framework,496,709,351,0.672727,11,3.0,True
727,Haroenv/holmes,187,1955,410,0.785714,8,0.0,False
728,maxogden/cool-ascii-faces,945,68,66,0.384058,24,4.0,False
729,sindresorhus/multiline,776,42,39,5.35,5,4.0,False
730,siddharthkp/cost-of-modules,50,430,94,0.0,3,0.0,False
731,webpack/extract-text-webpack-plugin,1059,114,133,2.44286,21,8.0,True
732,xiekw2010/react-native-gitfeed,30,1140,8,0.0,2,0.0,False
733,christinecha/choreographer-js,60,108,38,0.0,2,0.0,False
734,ericclemmons/react-resolver,668,2833,346,1.08571,15,0.0,False
735,devbridge/Styleguide,491,5903,295,0.109524,15,1.0,True
736,ben174/git-draw,10,29832,25,0.0,1,0.0,False
737,maryrosecook/gitlet,751,1300,982,0.0277778,9,0.0,False
738,sindresorhus/got,1001,715,431,2.01087,24,7.0,False
739,alongubkin/spider,586,1301,285,0.0,6,0.0,False
740,jussi-kalliokoski/trine,510,802,155,0.855556,10,7.0,False
741,seatgeek/react-infinite,787,628,289,2.13072,18,17.0,True
742,tylingsoft/markdown-plus,609,14920,472,0.0,8,0.0,True
743,unruledboy/WebFrontEndStack,495,26070,91,0.0,6,0.0,False
744,romashamin/Size-Marks-PS,315,2724,57,0.0,3,0.0,False
745,c9/core,686,18458,8625,1.52286,50,49.0,True
746,zingchart/zingtouch,282,23194,102,0.1,5,1.0,True
747,ethereum/mist,562,403097,844,0.975976,37,31.0,True
748,jlongster/transducers.js,729,395,71,0.809524,7,0.0,False
749,encharm/Font-Awesome-SVG-PNG,1056,38107,70,0.0,5,0.0,True
750,lmgonzalves/segment,240,73,0,,0,,False
751,samccone/drool,349,74,66,1.03333,6,1.0,False
752,CenturyLinkLabs/panamax-ui,701,3813,901,1.7967,14,10.0,True
753,feross/instant.io,858,300,285,2.15833,16,0.0,False
754,sindresorhus/ora,289,553,29,8.52778,9,5.0,False
755,tutao/tutanota,874,64013,1606,0.0,12,0.0,True
756,auchenberg/chrome-devtools-app,368,226344,122,0.4,6,4.0,False
757,babel/babel-preset-env,131,173,141,2.05714,15,14.0,True
758,material-components/material-components-web,17,45331,3010,4.5748,162,161.0,True
759,casesandberg/reactcss,513,3292,363,0.348485,12,0.0,False
760,MoOx/phenomic,478,10171,1160,0.32288,42,1.0,False
761,andreruffert/rangeslider.js,1070,890,410,0.857143,14,2.0,False
762,hackmdio/hackmd,600,16588,923,0.321505,31,5.0,True
763,carteb/carte-blanche,302,4244,1067,0.703333,25,2.0,True
764,hanzichi/underscore-analysis,226,212,93,0.0,1,0.0,False
765,stackgl/shader-school,679,377,285,2.26471,17,0.0,True
766,debugger22/github-audio,44,83977,115,0.303571,8,4.0,False
767,fengyuanchen/cropperjs,456,3241,313,0.0238095,7,0.0,False
768,lengstrom/falcon,139,9592,172,0.0,11,0.0,False
769,jgraph/draw.io,107,73285,34,0.25,4,1.0,True
770,deepstreamIO/golden-layout,807,427,171,0.62253,23,0.0,True
771,knrz/CSV.js,863,453,123,0.0545455,11,0.0,False
772,jaredly/treed,965,1950,400,2.0,2,1.0,False
773,capitalone/Hygieia,526,60730,1554,2.97879,45,44.0,True
774,soliury/noder-react-native,514,5560,336,0.233333,6,1.0,False
775,reactjs/express-react-views,938,119,110,0.0606061,12,0.0,True
776,algolia/instantsearch.js,522,44971,2195,1.35126,35,1.0,True
777,d3/d3-shape,525,1777,372,1.03333,6,0.0,True
778,mroth/unindexed,38,214,8,0.0,1,0.0,False
779,reactjs/react-chartjs,721,361,90,0.452569,23,0.0,True
780,limonte/sweetalert2,719,2594,614,0.661111,45,26.0,False
781,TargetProcess/tauCharts,1071,10303,1949,0.587912,14,10.0,True
782,text-mask/text-mask,329,3193,301,0.270833,16,10.0,True
783,mozilla/fathom,277,252,102,0.4,6,0.0,True
784,mikeflynn/egg.js,609,52,33,0.0,6,0.0,False
785,mrdoob/texgen.js,397,6699,123,1.16667,4,0.0,False
786,andrewfiorillo/sketch-palettes,315,170,43,0.5,2,1.0,False
787,ManoMarks/docker-swarm-visualizer,163,1844,94,0.280303,12,6.0,False
788,adleroliveira/dreamjs,282,224,72,0.0,4,0.0,False
789,pinterest/teletraan,379,13339,648,0.888889,19,18.0,True
790,adchsm/Slidebars,1064,80464,132,0.0,3,0.0,False
791,mafintosh/torrent-stream,975,578,352,1.5117,19,0.0,False
792,nimojs/gulp-book,564,7174,25,0.0,6,0.0,False
793,borismus/webvr-boilerplate,684,139515,386,0.680952,15,10.0,False
794,garris/TremulaJS,654,5598,220,0.0,2,0.0,False
795,istarkov/google-map-react,561,2235,253,0.727273,33,29.0,False
796,bitinn/node-fetch,688,302,188,1.12132,17,0.0,False
797,asvd/microlight,14,46,23,0.0,1,0.0,False
798,nwjs/nw-builder,1068,448,326,1.02367,46,40.0,True
799,shouldjs/should.js,927,1579,659,0.883659,62,45.0,True
800,react-native-community/react-native-navbar,579,1885,237,2.52463,29,8.0,True
801,liriliri/eruda,286,1821,254,0.0,3,0.0,True
802,ripplejs/ripple,170,2341,204,1.73333,6,2.0,True
803,DIYgod/APlayer,403,18432,156,0.05,5,0.0,False
804,Lucifier129/react-lite,385,6902,303,0.428571,15,1.0,False
805,babel/babelify,656,91,148,1.95614,19,4.0,True
806,drewwilson/atvImg,396,594,22,0.0,3,0.0,False
807,tj/react-enroute,97,16,19,0.0,3,0.0,False
808,justjavac/Programming-Alpha-To-Omega,546,43,33,0.0,4,0.0,False
809,wellsjo/JSON-Splora,60,3030,155,0.0952381,7,1.0,False
810,Webschool-io/be-mean,452,209910,2042,6.04162,249,248.0,True
811,mozilla/MozDef,1037,46357,1057,1.1462,19,18.0,True
812,monkberry/monkberry,451,495,306,0.0,5,0.0,True
813,naholyr/github-todos,435,915,158,0.5,2,1.0,False
814,yagop/node-telegram-bot-api,541,830,331,0.65126,35,28.0,False
815,rtsao/styletron,267,392,188,0.166667,7,0.0,False
816,stuyam/pressure,383,10669,228,0.0666667,6,2.0,False
817,acdlite/redux-promise,443,23,33,7.86667,6,3.0,False
818,devongovett/regexgen,3,23,23,22.5,2,1.0,False
819,robertsdionne/neural-network-papers,143,228,213,0.0,1,0.0,False
820,attentiveness/reading,377,12729,189,0.5,5,3.0,True
821,Seedstars/django-react-redux-base,308,670,95,0.0659341,14,0.0,True
822,paypal/react-engine,609,358,261,1.29497,28,27.0,True
823,samccone/The-cost-of-transpiling-es2015-in-2016,39,5850,99,2.2803,12,11.0,False
824,mattdesl/budo,662,493,409,0.523684,20,0.0,False
825,dollarshaveclub/reframe.js,98,109,98,1.05,5,3.0,True
826,ParsePlatform/parse-server-example,327,21719,90,1.31703,24,22.0,True
827,portainer/portainer,219,17712,711,0.396154,40,32.0,True
828,jumpsuit/jumpsuit,266,2632,364,0.0824176,14,0.0,True
829,sachinchoolur/lightslider,995,2101,79,0.736364,11,10.0,False
830,boo1ean/casual,1046,239,193,0.528333,25,23.0,False
831,amazeui/amazeui-react,515,978,71,0.0535714,8,0.0,True
832,facebook/rebound-js,807,1040,76,10.9107,8,0.0,True
833,youtube/spfjs,961,3465,821,0.0294118,17,0.0,True
834,mentum/lambdaws,412,218,82,0.194444,9,0.0,True
835,sindresorhus/trash,862,228,92,9.875,9,5.0,False
836,glittershark/reactable,963,3489,372,1.03016,36,35.0,False
837,evolus/pencil,915,32329,710,0.0,6,0.0,True
838,lanceli/cnodejs-ionic,721,1754,130,0.75,4,2.0,False
839,Ramotion/aquarelle,115,10898,16,2.5,4,2.0,True
840,lynndylanhurley/redux-auth,310,4834,249,0.0772059,17,1.0,False
841,bouchenoiremarc/Sketch-Constraints,26,4842,13,0.0,1,0.0,False
842,amokjs/amok,506,785,86,1.25,4,0.0,True
843,addyosmani/timing.js,820,35,70,0.0666667,6,0.0,False
844,babel/babel-eslint,658,375,403,3.69792,33,30.0,True
845,workshopper/javascripting,816,1255,397,2.07155,68,65.0,True
846,robotlolita/fuck-you,529,369,27,0.0,3,0.0,False
847,grommet/grommet,639,108007,3430,1.48657,53,49.0,True
848,mtjs/mt,776,3999,79,0.25,4,2.0,True
849,briangonzalez/fontprep,84,95198,15,0.0,1,0.0,False
850,dollarshaveclub/shave,65,30993,82,0.547619,7,0.0,True
851,mafintosh/chromecasts,501,35,60,9.06667,6,5.0,False
852,RickWong/react-transmit,575,158,83,0.15,5,2.0,False
853,timdown/rangy,935,12775,697,1.08182,11,10.0,False
854,mouse0270/bootstrap-notify,1000,251,182,0.396739,24,18.0,False
855,ramsaylanier/WordExpress,355,23408,159,0.233333,6,0.0,False
856,sindresorhus/emoj,165,555,16,0.833333,3,2.0,False
857,sgaurav/understanding-es6,624,36,69,0.313187,14,10.0,False
858,jquense/react-widgets,878,19336,763,0.59939,41,0.0,False
859,google/closure-compiler-js,151,48,65,0.416667,4,1.0,True
860,root-two/react-native-drawer,599,9883,312,1.28851,30,0.0,True
861,sqren/fb-sleep-stats,256,122,119,0.0,8,0.0,False
862,ivanseidel/IAMDinosaur,355,344,22,0.05,5,1.0,False
863,ForestAdmin/lumber,47,939,53,0.35,5,0.0,True
864,marko-js/marko,1081,4706,2543,0.20108,39,9.0,True
865,marcosvidal/Sketch-Notebook,746,13857,11,0.0,3,0.0,False
866,preciousforever/sketch-data-populator,591,41202,156,0.0892857,8,0.0,True
867,rsercano/mongoclient,321,47187,567,0.152778,9,0.0,False
868,insin/react-hn,776,596,264,1.55,5,3.0,False
869,mzabriskie/react-draggable,850,2457,322,1.39315,32,31.0,False
870,Easyfood/pageAccelerator,87,41,75,0.232143,8,0.0,True
871,javierbyte/visual-center,109,2347,54,0.0,3,0.0,False
872,danielstjules/jsinspect,829,139,127,0.0833333,9,0.0,False
873,nckprsn/scrollme,887,379,36,0.0,2,0.0,False
874,Hextris/hextris,946,28111,915,0.0636364,11,0.0,True
875,gmetais/YellowLabTools,873,2113,796,0.0,7,0.0,False
876,mjackson/expect,1018,289,338,0.976601,29,7.0,False
877,googlevr/vrview,436,88693,191,0.190476,7,2.0,True
878,linagora/hublin,649,4846,598,0.140476,21,0.0,True
879,mechio/takana,1005,8107,185,0.1,5,0.0,True
880,letsgetrandy/DICSS,277,124,45,0.0,9,0.0,False
881,magwo/elevatorsaga,786,2880,183,0.0257353,17,0.0,False
882,gpbl/isomorphic500,532,16714,374,0.469697,12,0.0,False
883,cure53/DOMPurify,1026,1399,490,0.22,25,0.0,False
884,Lobos/react-ui,643,9681,522,0.0,5,0.0,False
885,simov/grant,709,784,607,0.0444444,10,0.0,False
886,ParsePlatform/ParseReact,482,425,115,0.735294,17,1.0,True
887,jw84/messenger-bot-tutorial,242,2267,30,0.0,2,0.0,False
888,esdoc/esdoc,637,7823,562,0.378571,21,18.0,True
889,alexkuz/react-input-enhancements,313,2551,117,1.33333,4,2.0,False
890,github/time-elements,946,184,273,3.61111,9,3.0,True
891,borisyankov/react-sparklines,515,957,137,0.791209,14,13.0,False
892,cameron/squirt,702,1049,74,0.0,4,0.0,False
893,ai/browserslist,740,395,303,1.03693,33,31.0,False
894,aserg-ufmg/JSCity,506,20173,44,0.0,10,0.0,True
895,ericclemmons/npm-install-webpack-plugin,373,162,252,4.15,5,2.0,False
896,vuejs/vue-loader,815,1153,465,0.570305,47,14.0,True
897,stewdio/beep.js,43,403,28,0.0,1,0.0,False
898,theonion/comcastifyjs,86,2323,50,0.111111,9,0.0,True
899,js-data/js-data,829,12907,273,0.117647,18,0.0,True
900,tylermcginnis/re-base,551,1026,363,0.722222,27,0.0,False
901,bahmutov/code-snippets,744,1752,111,0.0,5,0.0,False
902,yuanyan/boron,493,2113,46,0.0111111,10,0.0,False
903,omnidan/redux-undo,459,663,246,0.617647,18,9.0,False
904,sindresorhus/refined-github,301,1559,256,0.623656,31,1.0,False
905,krispo/angular-nvd3,920,5377,233,0.0147783,29,0.0,False
906,WPOTools/perfBar,473,386,29,0.1,5,0.0,True
907,egoist/eme,157,10222,270,0.7,6,5.0,False
908,martyjs/marty,452,10639,932,1.48902,41,0.0,True
909,cer/event-sourcing-examples,686,6154,299,0.133333,6,0.0,False
910,gilbitron/Raneto,927,2611,318,0.0492424,33,6.0,False
911,t4t5/react-native-router,414,449,26,1.25,4,0.0,False
912,gcanti/tcomb,914,2036,484,0.229167,16,0.0,False
913,weui/react-weui,439,6585,251,0.542857,15,14.0,True
914,istanbuljs/nyc,595,971,522,1.46129,31,10.0,True
915,2factorauth/twofactorauth,1015,8481,3270,8.11505,401,400.0,True
916,codesuki/react-d3-components,577,2846,177,0.5875,16,12.0,False
917,jonseg/crud-admin-generator,964,4218,35,0.5,6,5.0,False
918,bijection/g9,153,920,126,0.0,4,0.0,False
919,css-modules/webpack-demo,565,192,29,1.25,5,0.0,True
920,Mechazawa/FuckFuckAdblock,772,19,37,0.0178571,8,0.0,False
921,pineconellc/angular-foundation,1067,2016,323,0.911681,27,18.0,True
922,jeff-collins/ment.io,790,1387,147,0.1,11,0.0,False
923,joefitzgerald/go-plus,1016,31203,669,0.347126,30,6.0,False
924,cloudflare/cf-ui,197,1529,267,0.3,11,2.0,True
925,netlify/staticgen,972,1496,495,1.04757,143,120.0,True
926,jsdf/react-native-refreshable-listview,549,305,87,1.47619,7,4.0,False
927,mrmrs/fluidity,849,95,42,0.255556,10,4.0,False
928,be-fe/iSlider,868,26560,862,1.175,16,14.0,True
929,joshwcomeau/react-flip-move,326,5317,201,0.282051,13,1.0,False
930,Hacker0x01/react-datepicker,913,7993,1022,1.94496,85,77.0,True
931,commitizen/cz-cli,612,298,188,1.05072,24,7.0,True
932,panteng/wechat-h5-boilerplate,192,10944,0,,0,,False
933,wooorm/retext,933,480,387,2.21429,7,4.0,False
934,slushjs/slush,688,532,478,1.93622,49,46.0,True
935,saenzramiro/rambox,251,19080,409,0.5,13,12.0,False
936,omniscientjs/omniscient,637,819,432,1.52727,11,4.0,True
937,paulsonnentag/swip,161,40626,212,0.166667,3,0.0,False
938,epoberezkin/ajv,585,1754,785,0.354701,27,0.0,False
939,egoist/vuepack,406,201,84,0.25,5,1.0,False
940,Foxandxss/angular-toastr,973,1504,198,0.347953,19,0.0,False
941,DylanPiercey/auto-sni,335,72,91,0.0892857,8,0.0,False
942,GoogleCloudPlatform/google-cloud-node,960,18495,2085,1.8435,68,66.0,True
943,mikeal/roll-call,138,8405,128,0.677778,10,1.0,False
944,MikeMcl/decimal.js,952,31864,60,0.583333,4,1.0,False
945,nathanford/type.js,443,3366,5,0.0,3,0.0,False
946,think2011/localResizeIMG,496,2703,152,0.15,5,1.0,False
947,stoyan/cssshrink,12,413,13,0.0,3,0.0,False
948,zzarcon/focusable,470,718,55,1.21429,7,4.0,False
949,brrd/Abricotine,377,3817,288,0.178571,8,1.0,False
950,mathisonian/premonish,7,184,22,0.0,3,0.0,False
951,KhaosT/HAP-NodeJS,803,4422,275,0.547619,22,0.0,False
952,eteplus/vue-sui-demo,184,2831,21,0.0,2,0.0,False
953,listen1/listen1_chrome_extension,32,629,31,0.0,4,0.0,False
954,mde/ejs,705,6760,2101,0.943431,93,78.0,False
955,coreybutler/fenix,965,3117,61,1.05,5,0.0,False
956,adazzle/react-data-grid,658,32519,968,1.80603,44,43.0,True
957,a5hik/ng-sortable,1003,4805,443,0.526455,28,21.0,False
958,styleguidist/react-styleguidist,474,7316,691,0.535294,35,1.0,True
959,canvg/canvg,729,5198,85,0.587912,14,0.0,True
960,jwplayer/jwplayer,998,80580,4591,0.587482,38,31.0,True
961,BlackrockDigital/startbootstrap-freelancer,848,3384,32,0.530303,12,11.0,True
962,mike-zarandona/PrettyEmbed.js,850,310,15,0.0,5,0.0,False
963,beeman/loopback-angular-admin,877,2237,533,0.90942,24,22.0,False
964,SC5/sc5-styleguide,804,5270,1604,1.40962,40,38.0,True
965,mafintosh/torrent-mount,338,293,56,1.33333,3,1.0,False
966,patrick-steele-idem/morphdom,514,396,199,0.513072,18,16.0,False
967,chintanbanugaria/92five,718,4451,91,0.0,12,0.0,False
968,panzhangwang/getAwesomeness,686,266,65,0.576923,13,6.0,False
969,ember-animation/liquid-fire,886,7261,1103,4.66394,58,44.0,True
970,olahol/reactpack,186,117,52,0.0727273,11,1.0,False
971,hokein/electron-sample-apps,540,3500,94,0.411111,10,0.0,False
972,bloomberg/bqplot,451,13610,1773,4.1375,16,15.0,True
973,tsx/shireframe,262,408,27,0.0,4,0.0,False
974,christianalfoni/webpack-express-boilerplate,582,71,55,0.333333,10,0.0,False
975,ellisonleao/clumsy-bird,1050,4467,249,1.0,8,2.0,False
976,amireh/happypack,358,395,106,0.0454545,11,0.0,False
977,reactjs/react-a11y,616,127,78,0.3,10,0.0,True
978,js-data/js-data-angular,971,2651,327,0.823529,18,12.0,True
979,laravel/elixir,813,807,791,1.82288,88,84.0,True
980,GooTechnologies/goojs,240,215664,5728,0.0466667,25,0.0,True
981,slackapi/node-slack-sdk,1001,564,330,0.5,44,33.0,True
982,nicolewhite/algebra.js,599,487,119,0.0,5,0.0,False
983,Apostolique/Agar.io-bot,574,14920,345,0.570175,19,14.0,False
984,sintaxi/surge,853,265,311,0.757576,12,10.0,False
985,segmentio/daydream,771,3843,159,0.547619,7,0.0,True
986,gmetais/sw-delta,341,579,26,0.0,2,0.0,False
987,mquan/cortex,981,445,65,0.330952,21,0.0,False
988,kadirahq/flow-router,698,687,368,0.83357,38,37.0,True
989,sindresorhus/anatine,219,2136,125,0.378571,21,0.0,False
990,camwiegert/baffle,75,587,107,0.333333,3,1.0,False
991,ebidel/appmetrics.js,84,25,32,0.0,5,0.0,False
992,jakemmarsh/angularjs-gulp-browserify-boilerplate,872,481,315,0.836207,29,25.0,False
993,sitespeedio/coach,359,6261,637,0.702614,18,0.0,True
994,contra/react-responsive,833,1855,119,0.503676,17,1.0,False
995,dennybritz/neal-react,266,2473,140,0.160714,8,1.0,False
996,pwnn/is.js,107,507,219,0.0,3,0.0,False
997,carpedm20/DCGAN-tensorflow,378,79751,171,0.0183824,17,0.0,False
