,contributions,id,name,projects
0,2329,985197,QuincyLarson,"['FreeCodeCamp/hour-of-code', 'FreeCodeCamp/design-style-guide', 'QuincyLarson/hyperdev-test']"
1,1690,6775919,BerkeleyTrue,"['realworldreact/realworldreact.com', 'jescalan/rupture', 'iansinnott/react-static-webpack-plugin', 'BerkeleyTrue/berkeleys-spectacle-boilerplate', 'carlsverre/react-outlet']"
2,1261,544954,sahat,"['zachfitz/Ionic-Material', 'ReactTraining/react-router', 'react-native-community/react-native-linear-gradient', 'auth0-blog/falcor-create-demo', 'KyleAMathews/react-sparkline', 'jekyll/jemoji', 'node-nock/nock', 'sahat/satellizer', 'tzusman/react-boilerplate', 'jsdelivr/jsdelivr', 'sahat/hackathon-starter', 'sahat/megaboilerplate', 'middleman/middleman-blog', 'nathansizemore/hydrogen', 'mxstbr/react-boilerplate']"
3,658,1911390,terakilobyte,"['FreeCodeCamp/COM1000', 'terakilobyte/exertion', 'rtfeldman/elm-webpack-loader', 'hassox/phoenix_guardian', 'davezuko/react-redux-starter-kit', 'DanStockham/RecipeBox']"
4,381,1381313,ltegman,"['jsbin/loop-protect', 'node-nock/nock', 'waste-not/waste-not', 'FreeCodeCamp/camperbot']"
5,366,553494,SaintPeter,"['FreeCodeCamp/COM1000', 'FreeCodeCamp/wiki-generator', 'FreeCodeCamp/camperbot', 'github/hub', 'AkiraLaine/FreeCodeCamp', 'FreeCodeCamp/wiki']"
6,298,10749142,benmcmahon100,"['FreeCodeCamp/COM1000', 'benmcmahon100/FreeCodeCamp', 'FreeCodeCamp/camperbot', 'benmcmahon100/wiki', 'FreeCodeCamp/wiki']"
7,249,1884376,raisedadead,"['alayek/backend-challenges', 'FreeCodeCamp/actual-react-router-bootstrap', 'raisedadead/FreeCodeCamp', 'FreeCodeCamp/TranslationExpansion', 'raisedadead/backend-challenges']"
8,198,13225220,bugron,"['bugron/ngrok-webhook-updater', 'askmike/gekko', 'bugron/FccPrBot', 'bugron/TestPrBot', 'bugron/FCCUserEditor']"
9,178,11198912,atjonathan,"['Musare/MusareNode', 'rust-lang/rust-www', 'helmetjs/helmetjs.github.io', 'CodebyteStudios/shroommon', 'FreeCodeCamp/caption-dashboard', 'FreeCodeCamp/catphotoapp']"
10,167,2754821,erictleung,"['vivekiitkgp/awesome-biology', 'papers-we-love/papers-we-love', 'erictleung/erictleung.github.io', 'danielecook/Awesome-Bioinformatics', 'laderast/r-bootcamp', 'FreeCodeCamp/how-to-contribute-to-open-source', 'erictleung/awesome-nosql', 'erictleung/dotfiles', 'ryanmswan/GitHubTutorial', 'greenstick/neo4j-tutorial', 'rossant/awesome-math', 'FreeCodeCamp/2016-new-coder-survey', 'emptymalei/awesome-research']"
11,120,1029200,abhisekp,"['abhisekp/cyclic-next', 'abhisekp/Practice-Modern-JavaScript', 'stampit-org/stampit', 'jsbin/jsbin', 'abhisekp/rate-limiter-api', 'yeoman/yeoman.github.io', 'sindresorhus/xo', 'DevBlend/zenias', 'abhisekp/FreeCodeCamp', 'FreeCodeCamp/camperbot', 'gitterHQ/docs', 'yeoman/generator-generator', 'remy/mit-license', 'FreeCodeCamp/wiki', 'js-org/dns.js.org', 'babel/babel.github.io']"
12,109,3090888,ahstro,"['mukeshsoni/react-telephone-input', 'airbnb/enzyme', 'hail2u/vim-css3-syntax', 'reactjs/redux', 'gajus/eslint-plugin-flowtype', 'ReactTraining/react-router', 'fraserxu/react-dropdown', 'archlinuxhardened/selinux', 'aaronshaf/react-toggle', 'tarmstrong/longcv', 'phil-opp/blog_os', 'ReactiveX/rxjs', 'socialtables/react-image-fallback']"
13,67,14790466,greenkeeperio-bot,"['localnerve/react-pwa-reference', 'TenetPartners/tenet-holiday-card-2015', 'TryGhost/Ghost', 'jegtnes/fetchsy-api', 'alm-tools/alm', 'detailyang/cas-server', 'scott113341/caltopo-json', 'zeekay/requisite', 'TerriaJS/terriajs-server', 'Elergy/nmock', 'sagelabs/deps', 'telemark/portalen-forside', 'jeffcharles/number-switcher-3000', 'HabitRPG/Habitica-Webhooks', 'replicatedhq/fromlatest.io', 'entrecode/ec.datamanager.js', 'bennett000/the-clusternator', 'crookedneighbor/amplitude', 'bitovi/testee-client', 'TailorDev/monod', 'BeneathTheInk/couchdb-jwt-auth-server', 'ryanj/hexboard', 'crookedneighbor/habitica-node', 'SparksNetwork/sparks-frontend']"
14,60,5279150,awesomeaniruddh,"['airbnb/javascript', 'awesomeaniruddh/LetsMeet', 'servo/servo', 'FreeCodeCamp/LetsMeet']"
15,54,18572518,Bouncey,"['Dogfalo/materialize', 'andmckvr13/FreeCodeCamp', 'FreeCodeCamp/catphotoapp']"
16,54,7917512,dhcodes,"['dhcodes/timestamp-UI', 'dhcodes/FreeCodeCamp', 'FreeCodeCamp/camperbot']"
17,45,2107110,hallaathrad,"['hackerkid/Mind-Expanding-Books', 'quilljs/quill', 'ReactForBeginners/exercise1-todo', 'smockle/close-on-left', 'mimo84/bootstrap-maxlength', 'wamserma/tex-tdl', 'FreeCodeCamp/wiki', 'comfy/comfortable-mexican-sofa']"
18,40,701221,vtamara,"['pomarbar/GradosWeb', 'justinian336/mdn-crawler', 'FreeCodeCamp/wiki']"
19,35,8263430,AryanJ-NYC,"['stealjs/steal', 'RadeshAndAryanNLP/nlp-classifier', 'valor-software/ng2-bootstrap', 'Ztnepres/realty-html', 'OrangeAardvarks/todo', 'clhenrick/am-i-rent-stabilized', 'RedpathMuseum/open-museum']"
20,35,15965601,BKinahan,['bugron/FccPrBot']
21,30,11958359,AkiraLaine,"['FreeCodeCamp/LetsMeet', 'vuejs/vuex', 'tbgse/circles', 'SaintPeter/FreeCodeCamp', 'tbgse/musicbox', 'tbgse/opensurvey', 'AkiraLaine/timerange', 'dcsan/gitterbot']"
22,28,10660283,natac13,"['andreypopp/react-fa', 'natac13/Tic-Tac-Toe-Game']"
23,25,12584257,justinian336,"['justinian336/fcc-dict', 'justinian336/mdn-crawler', 'justinian336/ikou', 'justinian336/taketzalis.js']"
24,19,12993334,alistermada,"['campfirecoders/campfirecoders.github.io', 'FreeCodeCamp/wiki', 'FreeCodeCamp/hikes']"
25,19,9719214,aldraco,"['johnstonbl01/fccTimeCoordinatorApp', 'FCCWebCrafts/timeCoordinatorApp', 'MrRenter/freecodecamp', 'chaijs/chai-jquery', 'RubySteps/21-day-challenge']"
26,18,963773,GeneralZero,"['KartikTalwar/gmail.js', 'sahat/hackathon-starter', 'GeneralZero/sqlmap', 'soss/tiramisu', 'GeneralZero/StarTreck-node', 'shayanjm/pasteye', 'GeneralZero/hackathon-starter', 'sricola/socode', 'Davideddu/pithos', 'soss/cal']"
27,16,5444765,kris4de,[]
28,15,920841,dokkillo,['dokkillo/dokkillo.github.io']
29,15,7098232,brandenbyers,"['hakimel/reveal.js', 'codexa/firetext', 'objectpartners/react-workshop', 'HosseinKarami/fastshell', 'midwestjs/website', 'boothj5/profanity', 'nodebots/nodebotsday', 'NickTomlin/protractor-flake', 'midwestjs/2015', 'foundersandcoders/WeLoveToLearn', 'mlison/protractor-jasmine2-screenshot-reporter', 'terakilobyte/Bonfire_Challenges']"
30,14,6024604,patsul12,"['patsul12/online-marketplace', 'patsul12/JobSearch', 'csiems/TicTacToeJS', 'gitKrystan/ember-aisle', 'patsul12/meteorite-landings', 'patsul12/alarm-clock', 'patsul12/AllerGi']"
31,13,7039523,arun1595,"['TheOdinProject/theodinproject', 'arun1595/ahl', 'Laboratoria/capitan', 'AgileVentures/MetPlus_PETS', 'strawberrycanyon/redeemify', 'oppia/oppia', 'codyloyd/odin-bot-js']"
32,13,7262039,systimotic,"['systimotic/SpyCat', 'mike-griffin87/personal-website', 'antonk52/wp-checklist', 'bennettscience/barhop']"
33,13,11348778,Manish-Giri,"['Manish-Giri/hello-world', 'FreeCodeCamp/wiki', 'FreeCodeCamp/camperbot']"
34,12,7575436,DDaems,"['webSPELL/webSPELL', 'FreeCodeCamp/camperbot']"
35,12,1185346,MrRenter,[]
36,11,355033,issyl0,"['keithiopia/team_finder', 'alphagov/transition-config', 'alphagov/govuk-puppet', 'alphagov/contacts-frontend', 'alphagov/ci-puppet', 'alphagov/local-links-manager', 'exercism/exercism.io', 'alphagov/gds-api-adapters', 'alphagov/hmrc-manuals-api', 'alphagov/govuk_need_api', 'alphagov/transition', 'alphagov/govuk-content-schemas', 'alphagov/publisher', 'alphagov/frontend']"
37,11,10662315,alanbares,"['Sandersd/I-Tinny', 'FreeCodeCamp/how-to-contribute-to-open-source', 'tastejs/todomvc', 'redfin/react-server', '2factorauth/twofactorauth', 'mattxgreen/spaceAppsHackathon', 'Shinobi881/TGP10', 'MunGell/awesome-for-beginners']"
38,10,2317409,LenaBarinova,['LenaBarinova/CookingBlog']
39,10,4247923,jbmartinez,['Miserlou/Glance-Bookmarklet']
40,9,10087880,joel-bentley,[]
41,9,1670763,eabedrapo,"['eabedrapo/github-games', 'githubteacher/everyone-july-2-2015', 'githubteacher/developers-august-emea', 'rocio-bossio/hello-world']"
42,8,8270675,josectello,"['FormidableLabs/victory', 'josectello/ReactNativePractice', 'josectello/calculator-app', 'alfred-mirror/alfred-dashboard', 'zen-audio-player/zen-audio-player.github.io', 'josectello/ng-movie-finder', 'waste-not/waste-not', 'josectello/josectello.github.io', 'josectello/ReactDataVisualization', 'josectello/FCC_Project_Challenges']"
43,8,4724513,0x0936,"['FreeCodeCamp/wiki', 'TeejayParker/majeye.github.io']"
44,8,6125097,Greenheart,"['FreeCodeCamp/assets', 'teknik-eksjo/introduktion', 'Limpan/parsons-puzzle', 'hugolundin/chronos', 'Elsaplump/potato-slide', 'teknik-eksjo/chronos']"
45,8,492603,westonplatter,"['jruizgit/rules', 'westonplatter/forecasted', 'zzet/ansible-postgresql-role', 'womenrising/womenrising', 'joshfraser/robinhood-to-csv', 'rails/actioncable-examples', 'westonplatter/klarity', 'RailsApps/rails-devise-roles']"
46,8,19733683,snyk-bot,"['joshje/buzz', 'SeanLF/jazzify']"
47,8,12750377,DealPete,[]
48,8,15441946,sahilkhurana19,"['YinYang-Coders/Campus-Canteen', 'jainaman224/Algo_Ds_Notes']"
49,7,6629172,faizaanceg,"['karthick03/VirtualPlayer', 'Gaurav1996/User_Reg-new-', 'FreeCodeCamp/wiki', 'prajwalkr/SnapSudoku', 'arimorty/floatingsearchview', 'Harish09/NotesApp', 'Idnan/like-on-git', 'hemanth/curl-to-fetch', 'MaelstromJS/SYLAB', 'Koka/gettext-rs', 'roboticsclubofceg/roboticsclubofceg.github.io', 'faizaanceg/ToH', 'baratheraja/kapp', 'P1kachu/ProgrammingLearning', 'artsy/benv']"
50,7,9578097,CodeNonprofit,['FreeCodeCamp/nonprofit-email-service']
51,7,4201229,tcyrus,"['fedora-infra/fedora-tagger', 'paroga/cbor-js', 'atom/atom', 'TeensForTeens/platform', 'surbhioberoi/github-widget', 'hugozhu/rpi', 'noseglid/atom-build', 'pandegroup/openmm', 'WhisperSystems/libsignal-protocol-javascript', 'Microsoft/tfs-cli', 'oppia/oppia', 'T-800/atom-minimap-hide', 'mathics/Mathics', 'mzucker/noteshrink', 'googlecreativelab/anypixel', 'tjcsl/ion', 'adafruit/eagle2fritzing', 'soimort/you-get', 'msgpack/msgpack-python', 'vurtun/nuklear', 'eponymous-labs/carbide-splash', 'chris-rudmin/Recorderjs', 'nathanlenz/s3fs-on-aws-beanstalk']"
52,7,6811830,pmbenjamin,"['devsecops/restacker', 'pmbenjamin/m-cli', 'pmbenjamin/assumer-go', 'devsecops/assumer-go', 'pmbenjamin/npm-petermbenjamin']"
53,6,11811904,ooade,"['ooade/todo-mvc', 'stackPie/Stackpie', 'ooade/anime.json', 'ooade/fetch-gifs', 'BerkeleyTrue/berkeleys-spectacle-boilerplate', 'developit/nectarine', 'ayoola-solomon/react-input-auto-tab']"
54,6,6192437,Lemony-Andrew,"['Lemony-Andrew/freecodecamp', 'Lemony-Andrew/basic_dart_game']"
55,6,8992452,kurzninja,"['ReactiveX/learnrx', 'kurzninja/Pomodoro-Clock']"
56,6,3117424,treece,[]
57,6,1378201,dmytroyarmak,"['dmytroyarmak/angular-yahoo-pipes', 'urish/angular-spinner', 'svenanders/upcoming-conferences', 'angular-translate/angular-translate', 'Backbase/training-fe-module-01', 'facultymatt/angular-unsavedChanges', 'dmytroyarmak/angular-unsavedChanges', 'dmytroyarmak/angular2-marvel-heroes']"
58,6,449874,zophor,"['CityGenerator/CityGenerator', 'brianamarie/HelloJohn']"
59,6,1907854,ivantedja,"['Automattic/wp-calypso', 'facebook/php-webdriver', 'hustcc/timeago.js', 'Automattic/sensei', 'TryGhost/Ghost-Admin', 'ftisunpar/BlueTape']"
60,6,3848216,flota113,[]
61,6,6935181,michael-krebs,['michael-krebs/recipe-manager']
62,6,4415850,letalumil,"['bchr02/instantclient', 'arei/npmbox', 'EasyNetQ/EasyNetQ', 'formvalidation/formvalidation.io', 'williamkapke/ipp']"
63,6,15999657,nishant-tomer,[]
64,6,2105944,ammit,"['cliftonc/calipso', 'facebookarchive/react-page', 'ericclemmons/grunt-react', 'sahat/hackathon-starter', 'ammit/spree_payumoney']"
65,5,4436850,ankitaggarwal011,"['ankitaggarwal011/PyCNN', 'adambard/learnxinyminutes-docs', 'coala/coala', 'mozilla/pdf.js', 'ankitaggarwal011/PiScope']"
66,5,2381136,dmamills,"['JesseObrien/reach', 'sahat/hackathon-starter', 'dmamills/MemeGenerator', 'boo1ean/casual', 'sindresorhus/pets', 'dmamills/ircbot', 'bjarneo/is', 'TylerGG/ComicCal', 'ethanhalko/moodmap', 'Marak/faker.js']"
67,5,1168472,sixFingers,"['vrld/HC', 'sahat/hackathon-starter', 'love2d-community/awesome-love2d', 'sixFingers/composer', 'thethemefoundry/make', 'interlock/connect-handlebars']"
68,5,12987548,saadanerdetbare,[]
69,5,8886227,itxchy,[]
70,5,6363980,NatashaHaggard,[]
71,5,3822219,ptsurbeleu,[]
72,5,15723427,pranayberry,['jainaman224/Algo_Ds_Notes']
73,5,18699131,hangaebal,"['vhf/free-programming-books', 'expressjs/expressjs.com', 'hangaebal/hello-world']"
74,5,17491090,hobbycoder7,[]
75,5,13278126,robjloranger,"['SeattleFeministJS/seattlefeministjs.github.io', 'robjloranger/gorgonia', 'yourfirstpr/yourfirstpr.github.io', '2016rshah/bookshelf', 'angrykoala/yamp']"
76,5,1201529,jsonify,"['h4cc/awesome-elixir', 'FCCWebCrafts/timeCoordinatorApp', 'jsonify/helper', 'sahat/hackathon-starter', 'jsonify/freecodecamp', 'jsonify/express-intro', 'expressjs/expressjs.com']"
77,5,7820886,mizujin,[]
78,4,6378521,ShaggyTech,"['ShaggyTech/Civils_Progs', 'ShaggyTech/etch-a-sketch', 'TheOdinProject/curriculum', 'civilwargeeky/Civils_Progs', 'ShaggyTech/calculator', 'sparkfun/SIK-Guide-Code']"
79,4,14928995,carolinaknoll,"['GDGDuqueDeCaxias/cssguideline-translate-ptbr', 'githubschool/open-enrollment-classes-introduction-to-github', 'carolinaknoll/learnxinyminutes-docs']"
80,4,12955734,Em-Ant,['Em-Ant/fcc-options-app']
81,4,3893845,larsonjj,"['carlosl/gulp-nunjucks-render', 'cloudchen/grunt-template-jasmine-requirejs', 'larsonjj/generator-yeogurt', 'sahat/hackathon-starter', 'magalhas/backbone-react-component', 'larsonjj/jade4j', 'balderdashy/sails.io.js']"
82,4,872479,jamigibbs,"['mattvh/jekyllthemes', 'jamigibbs/bloc-jams-angular', 'jamigibbs/portfolio', 'jamigibbs/monopoly-exchange', 'jamigibbs/weathercast', 'jamigibbs/base-frontend-project-angular', 'jamigibbs/quickchat', 'jamigibbs/scribe', 'RescueThemes/rescue-shortcodes']"
83,4,1467889,jnmorse,"['jnmorse/freshpress', 'jnmorse/github-for-developers-7', 'jnmorse/react-webpack', 'MindfulBell/react-recipe-box']"
84,4,13195630,martinkwan,"['gitcentral/gitcentral', 'CleanifyEmail/CleanifyEmail', 'martinkwan/martinkwan.github.io', 'martinkwan/minimum-viable-vacation', 'martinkwan/previewify']"
85,4,5378470,oalhait,['oalhait/website']
86,4,4277045,samanthakem,"['renatodinhani/empresas-tecnologia-informacao', 'samanthakem/proj-si1-15-2', 'stenioaraujo/PowerToTheParents']"
87,4,8085410,avastu,['Netflix/netflix.github.com']
88,4,7020150,yjcxy12,"['Reactive-Extensions/RxJS', 'loverajoel/jstips', 'yelouafi/redux-saga', 'chriso/validator.js', 'uku/Unblock-Youku', 'weui/react-weui', 'douban/code', '345632699/ifestudy', 'acdlite/recompose', 'recharts/recharts']"
89,4,6291947,junhaoyap,"['junhaoyap/dojo_rules', 'junhaoyap/PioneerAlumniCircle', 'Wondermall/ABPadLockScreen', 'TEAMMATES/teammates']"
90,4,8461333,krantzinator,"['AkronWiT/ghastly-grinds', 'krantzinator/github-for-developers-7', 'stirtrek/2016MayStirTrek', 'pybee/batavia', 'AkronWiT/akronwit-theme']"
91,4,9282,drguildo,"['4pr0n/ripme', 'flyingmachine/brave-clojure-web', 'functional-koans/clojure-koans', 'JetBrains/kotlin-web-site', 'shiffman/The-Nature-of-Code', 'adambard/learnxinyminutes-docs', 'processing/processing-docs', 'rg3/youtube-dl', 'jshackles/idle_master', 'drguildo/idle_master']"
92,4,12666146,MiloATH,[]
93,4,13461680,uwaseem,"['uwaseem/ChuckieNorrisieTwitterBot', 'uwaseem/LightbulbCalculator', 'uwaseem/OnlineAdSystem', 'uwaseem/RukusMovieProject']"
94,3,9045165,alex-dixon,"['jedireza/aqua', 'sahat/hackathon-starter', 'expressjs/express', 'CoNarrative/redux-connect']"
95,3,9920385,djordjelacmanovic,[]
96,3,10533596,dougshamoo,"['BonsaiDen/JavaScript-Garden', 'StevenShamoo/TodoForU', 'dougshamoo/reactigiphy', 'dougshamoo/rmindr', 'dougshamoo/brainado', 'dougshamoo/gitconfig-prompt', 'tipp-us/tipp-us', 'krescruz/angular-materialize', 'yannickcr/eslint-plugin-react', 'angular-ui/ui-calendar']"
97,3,7100877,Em01,"['makersacademy/the-cat', 'africanfoodie/new', '24pullrequests/24pullrequests']"
98,3,3451695,miyagui,"['miyagui/Aeria', 'qunaq/html-site']"
99,3,12435876,JoshFisk,['modesttree/Zenject']
100,3,5109634,kalunlee136,['kalunlee136/kalun-portfolio']
101,3,10557202,flipsyde606,['flipsyde606/prefect']
102,3,3457341,duffn,"['strongloop/loopback-connector-cloudant', 'strongloop-community/loopback-connector-sqlite3', 'strongloop/loopback-ibmdb', 'paulvarache/restify-paginate', 'strongloop/loopback-connector-db2', 'strongloop/loopback-connector-postgresql', 'strongloop/loopback-connector-informix', 'strongloop/loopback-connector-db2z', 'strongloop/loopback-connector-mysql', 'strongloop/loopback-datasource-juggler', 'strongloop/loopback-connector-mongodb', 'strongloop/loopback-connector-oracle', 'strongloop/loopback-connector-dashdb', 'strongloop/loopback-connector-mssql', 'duffn/loopback-connector-redshift', 'duffn/dumb-password-rules', 'strongloop/loopback.io', 'pasindud/awesome-loopback']"
103,3,1487616,NolanChan,"['NolanChan/liferay-portal', 'sergiogonzalez/liferay-portal', 'liferay/liferay-portal', 'SamZiemer/liferay-portal', 'lale-help/lale-help']"
104,3,540130,crashuniverse,['charlieroberts/Gibber']
105,3,285138,Rafase282,"['Rafase282/mangadb-front', 'FreeCodeCamp/wiki', 'Rafase282/Twitchtv-JSON-API']"
106,3,5521768,royshouvik,"['open-source-society/computer-science', 'royshouvik/p1', 'vogellacompany/com.vogella.tutorials.android', 'TheOdinProject/curriculum', 'open-source-society/data-science', 'oppia/oppia', 'royshouvik/curriculum', 'royshouvik/portfolio']"
107,3,7287780,abisz,"['fhstp-mfg/mobilot', 'balderdashy/sails', 'wpioneer/gatsby-starter-lumen', 'viennahtml/members', 'balderdashy/sails-docs', 'backend-development/backend-development-textbook', 'FreeCodeCamp/wiki']"
108,3,15308261,tahmid-ul,['TheOdinProject/curriculum']
109,3,1106082,tmcpro,"['moein7tl/Yii-IntroJS', 'sahat/hackathon-starter']"
110,3,4486133,wakqasahmed,"['symfony/intl', 'chakAs3/SurveyOfficial', 'wakqasahmed/SalahApp', 'akeneo/pim-community-dev', 'akeneo/pim-docs', 'hoaproject/Contributions-Symfony-RulerBundle', 'mfaizanattique/SalahApp']"
111,3,6983268,yasserhussain1110,['yasserhussain1110/RequestHeaderParserMicroservice']
112,3,1562747,craigstroman,[]
113,3,10541299,drk7891,"['drk7891/Simplest', 'FreeCodeCamp/wiki']"
114,3,12542046,elazzabi,"['graphql/graphql.github.io', 'FrontendMasters/react-enlightenment', 'react-toolbox/react-toolbox']"
115,3,9361244,jmcshane,"['jhipster/generator-jhipster', 'jmcshane/poker-charts', 'jmcshane/dojo_rules']"
116,3,6051437,sonorangirl,[]
117,3,14347683,wilstenholme,"['frc5687/2016-Outlier2', 'baxter-cs/baxterite', 'baxter-cs/step']"
118,3,17102600,adamisntdead,"['iCHAIT/awesome-macOS', 'FreeCodeCamp/CurriculumExpansion', 'adamisntdead/PokemonGoOnline', 'Decagon/star.js']"
119,3,3904173,ribeirojpn,"['ProjetoSI1/rideapp', 'ribeirojpn/votedapp']"
120,3,13493187,zaclem01,['dimpu/angular2-markdown']
121,3,5607371,alayek,"['koustuvsinha/medpro', 'alayek/backend-challenges', 'DevBlend/zenias', 'alayek/timestamp-microservice-rails', 'katgironpe/sinatra-mongodb-grape', 'koustuvsinha/swipeHn', 'llamatarianism/fcc-python-vagrant', 'FreeCodeCamp/wiki']"
122,3,11843663,jondcoleman,"['teesloane/moonview', 'jondcoleman/N1-Markdown-Composer', 'jondcoleman/book-trader', 'c9/templates', 'jondcoleman/jondcoleman.github.io']"
123,3,9168631,venky18,"['tapasweni-pathak/SOC-Programs', 'venky18/google-interview-university', 'venky18/EverydayAlgorithm', 'venky18/venky18.github.io', 'sugarlabs/www-sugarlabs', 'openMF/community-app', 'venky18/ImageProcessingLab']"
124,2,13706131,5k9m,['5k9m/intotheweb']
125,2,13779822,N0bl3,"['meteor/guide', 'IBM-Bluemix/generator-bluemix-sample', 'N0bl3/fcc-awesome-voting-app', 'N0bl3/N0bl3.github.io', 'N0bl3/fcc-book-trading', 'milosh86/Brackets-ExtensionsBulkInstall']"
126,2,13317514,allan-hernandez,['allan-hernandez/FCC_AlgorithmScripting']
127,2,8563179,AmmarD212,['StrongeLeeroy/freecodecamp-solutions']
128,2,12384989,benflinn,"['stexaz/master-yoda', 'benflinn/nightlife-app', 'abraxasrex/nightlife-app-1']"
129,2,7310145,BradenWhited,"['BradenWhited/UltimateOS', 'NL049871/River-Reel']"
130,2,18217279,carlosvigil,['carlosvigil/carlosvigil.me']
131,2,1381655,chiptus,['Trion129/Space-Shooter']
132,2,573356,dooglus,"['iancoleman/bip39', 'bitcoin-dot-org/bitcoin.org', 'satoshilabs/docs', 'l0rdicon/clams', 'bitcoin/bitcoin', 'bitpay/bitcore-mnemonic', 'bitcoin/bips', 'nochowderforyou/clams', 'BuyBitcoinWorldwide/buybitcoinworldwide.github.io']"
133,2,7896438,dakshshah96,['FreeCodeCamp/wiki']
134,2,13313226,Tagada85,['owncloudarchive/mail']
135,2,1438457,dstroot,"['strongloop/loopback-example-user-management', 'crtr0/votr-part3', 'sahat/hackathon-starter', 'FortAwesome/Font-Awesome', 'helmetjs/csp', 'strongloop/loopback-example-passport']"
136,2,668910,dlwebdev,"['vladotesanovic/angular2-express-slim', 'FreeCodeCamp/wiki', 'luruke/barba.js']"
137,2,306238,codeurge,"['circle-cli/circle-cli', 'TheDartCode/typedjs-rails', 'codeurge/codeurge', 'codeurge/gearside', 'loverajoel/jstips', 'codeurge/react-odometer', 'wesbos/keycodes', 'mhinz/vim-galore']"
138,2,1315946,bogadodiegoh,['FreeCodeCamp/wiki']
139,2,16412025,DusanSacha,"['larvalabs/pullup', 's3ppo/aTipper']"
140,2,124588,blister,"['SumoRobotLeague/MRK-1', 'adlnet/ADL_LRS', 'sahat/hackathon-starter', 'botwillacceptanything/botwillacceptanything', 'linnovate/meansite']"
141,2,11887260,gauravmak,"['nwinkler/atom-keyboard-shortcuts', 'owen-it/laravel-auditing-doc', 'hashmode/VisualCaptcha-Cakephp-Plugin', 'puikinsh/gentelella', 'cakephp/docs', 'laravel/framework', 'laravel/docs', 'spatie/activitylog', 'chiraggude/awesome-laravel', 'spatie/docs.spatie.be']"
142,2,13671993,george-stepanek,['FreeCodeCamp/wiki']
143,2,5287596,HoBi,"['sindresorhus/amas', 'HoBi/postcss-czech-stylesheets', 'jasonlong/cayman-theme', 'alexkaratarakis/gitattributes', 'petrofcikmatus/petrofcikmatus.github.io', 'zheludkovm/LinuxJavaFixes', 'HoBi/rocnikovka-prace', 'postcss/postcss', 'brianamarie/Portfolio', 'no23reason/gitter-translations', 'cvut/MI-PYT', 'brigade/scss-lint', 'gitterHQ/gitter-translations', 'HoBi/dotfiles', 'pdxmike/YelpCamp']"
144,2,1394436,souldreamer,"['souldreamer/FreeCodeCamp', 'souldreamer/event-planner', 'souldreamer/noti-cli']"
145,2,10178895,jaydenwindle,[]
146,2,1162278,JelteF,"['neomake/neomake', 'mukeshsoni/react-telephone-input', 'percipient/django-allauth-2fa', 'GetStream/stream-django', 'celery/py-amqp', 'GetStream/django_twitter', 'sigmavirus24/requests-toolbelt', 'GetStream/stream-python', 'tschellenbach/Stream-Framework']"
147,2,7403076,Gornstats,"['Gornstats/fibonacci-miles', 'Gornstats/yourfinancialjourney', 'nodejs/nodejs.org']"
148,2,4668069,joshuahenson,"['andyfitz/logomono', 'leifos/tango_with_django_book', 'FreeCodeCamp/wiki', 'khloke/play-to-xbmc-chrome', 'react-bootstrap/react-bootstrap']"
149,2,140006,KarlJakober,"['KarlJakober/PLS', 'ArekSredzki/electron-release-server', 'sahat/hackathon-starter', 'cakephp/docs', 'KarlJakober/electron-release-server']"
150,2,12808424,karuppiah7890,['pawelgalazka/runjs']
151,2,5762665,kyeolekar,[]
152,2,15985211,iammangod96,"['sharmaeklavya2/TurtleNLP', 'lukasz-madon/awesome-remote-job', 'godotengine/godot', 'iammangod96/FreeCodeCamp']"
153,2,3836965,MatiKid,[]
154,2,10576656,mattlayton1986,[]
155,2,9108002,matthiaskern,"['adambard/learnxinyminutes-docs', 'matthiaskern/Labs42', 'willyelm/angular-es6-seed', 'eanplatter/enclave']"
156,2,9811142,Maximization,"['samwiseduzer/angularPrint', 'restcookbook/restcookbook', 'AfterShip/phone', 'rafinskipg/wintersmith-libsass', 'drudge/passport-facebook-token', 'ghaiklor/passport-instagram-token', 'VictorBjelkholm/autochecker']"
157,2,5355839,Cull-Methi,[]
158,2,103762,nscott,['segmentio/analytics.js']
159,2,8411667,alnero,"['ipelekhan/javascripting', 'alnero/FCC-Russian-Translation']"
160,2,125676,lipis,"['skgtech/devit', 'GoogleCloudPlatform/flask-talisman', 'wireapp/wire-webapp', 'wireapp/wire-desktop', 'wireapp/node-addressbook', 'gae-init/gae-init']"
161,2,19582853,Pasayadaan,"['Bahmni/openmrs-module-bahmniapps', 'Pasayadaan/FreeCodeCamp']"
162,2,1938039,smrajagopal,[]
163,2,949380,sarbbottam,"['sarbbottam/eslint-find-rules', 'sarbbottam/focus-indicator', 'evcohen/react-proptype-conditional-require', 'sarbbottam/empower-your-users', 'evcohen/eslint-plugin-jsx-a11y', 'sarbbottam/sarbbottam.github.io', 'dequelabs/axe-core', 'acss-io/atomizer', 'code-kotis/pwa-codelabs', 'threepointone/glamor', 'sarbbottam/is-invisible', 'emberjs/guides']"
164,2,1052177,srodman7689,"['docker/swarmkit', 'sensu/sensu-community-plugins', 'mrallen1/net-amazon-ec2']"
165,2,7328433,simondiep,[]
166,2,139603,elimisteve,"['zeit/hyper-website', 'kytrinyx/tasteful-go', 'djc/couchdb-python', 'pixelated/website', 'blockstack/blockstack.org', 'david415/ParasiticTraceroute', 'sandstorm-io/sandstorm', 'procore/pgnetdetective', 'rabbitmq/rabbitmq-tutorials', 'simonv3/quick-survey', 'filitchp/goarion', 'securepollingsystem/securepollingoutline', 'sandstorm-io/sandstorm-website', 'sandforms/sandforms', 'Elemental-IRCd/elemental-ircd', 'jimmcgaw/jimmcgaw.github.io', 'tmc/scp', 'FreeCodeCamp/open-api', 'riseupnet/riseup_help']"
167,2,2604209,tianz,"['hallaathrad/wiki', 'FreeCodeCamp/wiki', 'tianz/YACT']"
168,2,10609667,tjstinso,[]
169,2,1507770,rfprod,[]
170,2,287841,tanis2000,"['mcintyre321/FormFactory', 'openfl/lime', 'Nemo64/meteor-bootstrap', 'Nemo64/meteor-translator', 'sneakyness/SneakyInput', 'HaxeFoundation/hxcpp-debugger', 'CollectionFS/DEPRECATING-cfs-access-point', 'dgraziotin/osx-docker-mysql', 'openfl/openfl', 'SpaceCapsule/Meteor-cordova-runtime', 'bettse/mitmdump_decoder', 'HaxeFoundation/hxcpp', 'HaxeFlixel/flixel', 'cocos2d/cocos2d-objc', 'prime31/TouchKit']"
171,2,8840165,vitolob,['learn-co-curriculum/first-console-nitrous']
172,2,12551141,vcooley,['FreeCodeCamp/wiki']
173,2,5208506,ahmednaguib,[]
174,2,760506,alanmbarr,"['hoodiehq/hoodie-store', 'abl/letsencrypt-nfsn']"
175,2,1619808,alvynmcq,"['Egdus/SimpleShedSimulator', 'mewwts/addict', 'steveklabnik/frappuccino', 'knsv/mermaid', 'tldrcode/tldrcode.com', 'DjangoGirls/tutorial', 'clappr/clappr', 'mafintosh/docker-registry-server']"
176,2,5710328,ayampol,[]
177,2,6289711,bteng22,"['MozillaHive/HiveCHI-rwm', 'civicmakers/client', 'anirudh-eka/dashtag', 'ReviewSite/ReviewSite', 'TryGhost/Ghost-Vagrant']"
178,2,515341,cahlan,"['TaskTerminator/task-terminator', 'DevMountain/quoteBook', 'DevMountain/angular-drills', 'DevMountain/learn-git', 'cahlan/git-collab-sample', 'cahlan/mocha-test', 'DevMountain/ft-syllabus', 'DevMountain/ecommerce', 'DevMountain/angular-friends', 'cahlan/RTFM', 'DevMountain/soundCloud-api', 'DevMountain/callbackPractice', 'DevMountain/RTFM', 'cahlan/streakify', 'DevMountain/ticket-helper']"
179,2,8076334,daniel-chung,"['ajschumacher/gadsdc2', 'osscommunity/pr-practice', 'FreeCodeCamp/wiki']"
180,2,7018580,iheartkode,"['Kodermine/kodermine.github.io', 'joepurdy/purdybot', 'ideabrian/ideas-for-new-programmers', 'BitzyCSS/BitzyCSS', 'joshbivens/weather-card', 'FreeCodeCamp/wiki']"
181,2,17282870,johnnyqbui,[]
182,2,2560986,phoenixstormcrow,[]
183,2,9705338,piecedigital,"['code-newbies/js-tuesday-hangman', 'FCCWebCrafts/FreeCodeChat', 'bigpipe/react-jsx', 'genericallyloud/codehike', 'julianguyen/ifme']"
184,2,10067384,robbawebba,"['UDAIClub/Operations', 'robbawebba/my_shell', 'robbawebba/FallingRocks']"
185,2,476351,roelver,['FreeCodeCamp/open-api']
186,2,6500837,suhussai,"['pixelb/crudini', 'doches/progressbar', 'etsy/morgue', 'Leviathan1995/Pylsy', 'hootsuite/morgue']"
187,2,15665492,sycrat,"['joriskcf/CloudBot', 'obstschale/NSC']"
188,2,8445249,Trion129,['kunalgupta05/Image-Filter']
189,2,150245,williamle8300,"['sahat/hackathon-starter', 'larvalabs/pullup', 'punkave/apostrophe-snippets', 'rofrischmann/react-layout-components', 'airportyh/word-count']"
190,2,7269693,AEA2002,['AEA2002/braintrust']
191,2,11398826,Oxyrus,"['campfirecoders/campfirecoders.github.io', 'Oxyrus/scienceterest']"
192,2,2434612,benschenker,"['HabitRPG/habitica', 'sahat/hackathon-starter', 'benschenker/WaitFinder', 'benschenker/benschenker.github.io', 'OperationSpark/bouncing-box']"
193,2,5919706,daphneppl,['tushartushar/AthensTrivia']
194,2,9887589,augmt,"['DataTables/ColVis', 'Zarel/honko-damagecalc', 'Zarel/Pokemon-Showdown-Client', 'Zarel/Pokemon-Showdown', 'rushanshekar/gen6-damage-calc']"
195,2,545474,heldersepu,"['madskristensen/TrailingWhitespace', 'deanhume/html-minifier']"
196,2,5340692,jacobbearden,"['PhpGt/Dom', 'sindresorhus/hide-files-on-github', 'sindresorhus/refined-twitter', 'limetext/limetext.github.io', 'sindresorhus/refined-github']"
197,2,7855189,clickthisnick,"['airbnb/javascript', 'clickthisnick/projects', 'airbnb/enzyme', 'honestbuildings/eslint-plugin-chai-expect', 'clickthisnick/recipes', 'Lazy-Newb-Pack/Lazy-Newb-Pack-Linux', 'clickthisnick/pinCode', 'gotwarlost/istanbul', 'clickthisnick/CraigLister', 'airbnb/infinity']"
198,2,6580703,1hella,['ReactiveX/learnrx']
199,2,15881436,sthodup1,"['sthodup1/FreeCodeCamp', 'reactjs/react-tutorial', 'sthodup1/MarinerExchange', 'hoodiehq/hoodie-camp-tutorial']"
200,1,709295,shadowfool,"['Fitomo/FrontEnd-Auth-Service', 'Fitomo/Data-Aggregation-Service', 'Fitomo/Fitomo-User-Generation', 'Fitomo/Friends-Graph']"
201,1,3099626,xeoneux,"['apple/swift', 'Azure/azure-xplat-cli', 'typings/typings', 'apollostack/graphql-server']"
202,1,1450169,abimaelmartell,"['kinduff/ubuntufeed', 'abimaelmartell/dotfiles', 'sahat/hackathon-starter', 'nnixaa/sauth', 'hiq5/prettyphoto-rails', 'abimaelmartell/todo', 'rubytij/software-projects', 'kayagoban/echochamber', 'larssmit/vim-getafe', 'cesanta/mongoose', 'jgallen23/grunt-hash']"
203,1,17237412,adnrs96,"['codebuddiesdotorg/codebuddies', 'ovidiubute/scry-css', 'JSJitsu/hero-starter', '2factorauth/twofactorauth']"
204,1,11624587,brainyfarm,"['brainyfarm/olawale-akinseye', 'brainyfarm/todo-list-schema', 'brainyfarm/bootcamp-online-store', 'brainyfarm/random-quotes', 'brainyfarm/bc-19-todo-list-application', 'brainyfarm/google-login-page-clone', 'brainyfarm/salary-application']"
205,1,4271486,tdk93,['elastic/elasticsearch-hadoop']
206,1,2951935,Takumar,"['Takumar/github-for-developers-7', 'Takumar/patchwork', 'FreeCodeCamp/camperbot']"
207,1,10567727,ADude2,"['ADude2/bloccit', 'ADude2/ratable', 'ADude2/bloc-jams', 'ajalger/javascript-resources', 'frank184/ratable', 'railslink/railslink', 'ADude2/github_checkpoint', 'ADude2/blocmetrics', 'Bloc/rails-web-dev-example-collaboration-repo']"
208,1,9385784,alexanderholman,"['KnpLabs/php-github-api', 'alexanderholman/Respond', 'Dannersjb/space_time']"
209,1,8016212,Kallaway,[]
210,1,3391756,a-ungurianu,"['NickTikhonov/sourcerer', 'saintandy/Stoe-Style', 'bigcompany/hook.io-i18n']"
211,1,9296248,nikitin2009,['welearnjs/Main']
212,1,8443638,AlyxMoon,['AlyxMoon/Lunars-Factorio-Mod-Manager']
213,1,704531,allonhadaya,"['mattflo/NSpec', 'nickvanw/ircx', 'appfigures/memcached-sessionstore', 'longbeard/visualizing', 'jhlywa/chess.js', 'docker/global-hack-day-3', 'HackerHours/hackerhours.org', 'elixir-lang/elixir-lang.github.com', 'inversoft/2016-security-scripts', 'zapier/resthooks', 'allonhadaya/ScannerParser2011', 'github/gitignore', 'psztorc/Truthcoin', 'angular/angular.js', 'crypto101/book', 'reverse-shell/routersploit', 'drewcimino/GCLCompiler']"
214,1,8922534,Saerith,"['StamLab/stampipes', 'FreeCodeCamp/wiki']"
215,1,9407113,aksinghdce,"['aksinghdce/codecraftsmanship', 'netknow/design', 'liberaldart/epicsearch', 'liberaldart/liberaldart.github.io']"
216,1,12645471,ananaymital,['ananaymital/FreeCodeCamp']
217,1,17259420,andmckvr13,"['andmckvr13/andmckvr13.github.io', 'andmckvr13/hello-world', 'ansble/monument']"
218,1,3112309,radarhere,"['python-pillow/Pillow', 'yangweigbh/VolleyX', 'ConsoleTVs/Charts', 'python-pillow/pillow-wheels', 'python-pillow/pillow-depends', 'python-pillow/pillow-perf', 'elwinar/rambler', 'lukasz-madon/awesome-remote-job', 'clarus/redux-ship', 'lengstrom/fast-style-transfer', 'Yalantis/Multi-Selection']"
219,1,5810837,drewbs,"['exercism/xperl6', '4justinstewart/survey_gorilla', 'exercism/xperl5', 'exercism/xcpp', 'exercism/xclojure']"
220,1,15863952,AndrewGHC,"['jlord/patchwork', 'parse-server-modules/parse-files-utils', 'FreeCodeCamp/nonprofit-email-service']"
221,1,6224555,andreferreira-me,[]
222,1,9124030,adevenuto,['adevenuto/countdown']
223,1,10482592,agrullon95,"['agrullon95/QuetzalCargoService', 'agrullon95/Weather_app', 'iliassSabillah/PlayNow']"
224,1,14035529,newyork-anthonyng,"['zeit/hyper-website', 'guo-yu/player', 'reactjs/react-tabs', 'zeit/hyperpower', 'microsarah/WDI', 'DevelopmentArc/react-indepth', 'newyork-anthonyng/Cards_Against_Giphy']"
225,1,8300539,apoorvnandan,"['apoorvnandan/zen-audio-player.github.io', 'apoorvnandan/musictube', 'zen-audio-player/zen-audio-player.github.io']"
226,1,14846527,ashleypt,"['dr-soft/dred', 'publiclab/plots2', 'z64/dah-cards', 'HelloZeroNet/ZeroNet']"
227,1,4403762,shaikhatik0786,"['shaikhatik0786/hello-world', 'shaikhatik0786/FreeCodeCamp']"
228,1,6239079,baguzzzaji,"['progit/progit2-id', 'vikingeducation/prep_basics']"
229,1,6033345,Apercu,"['meriadec/samus', 'btford/react-palm', 'uber/react-vis', 'uber/deck.gl', 'uber/react-map-gl', 'uber/luma.gl', 'Apercu/.files', 'uber-common/viewport-mercator-project']"
230,1,2502947,benschac,"['benschac/theLearning', 'benschac/smelly_jerry', 'benschac/PomTimer', 'benschac/CSS-Projects', 'benschac/JavaScript30', 'benschac/personal_site']"
231,1,10052756,BlancaInesAcosta,"['BlancaInesAcosta/reiniciar-fotos-mas', 'BlancaInesAcosta/afiches_memoria_viva']"
232,1,17095832,BlauFeuer,['evennia/evennia']
233,1,5952026,Blauelf,['Blauelf/dojo_rules']
234,1,10234875,andela-bebowe,"['BrickworkSoftware/layouts', 'andela-bebowe/The-calculator']"
235,1,13168224,BoDonkey,[]
236,1,8492232,b2m9,"['jenniferlynparsons/selfcaretech', 'b2m9/b2m9.github.io', 'githubteacher/cloaked-octo-shame', 'b2m9/courses']"
237,1,1761758,bcherny,"['typings/registry', 'isagalaev/highlight.js', 'palantir/tslint', 'timdp/es6-promise-pool', 'SimplGy/SlickGrid', 'awessels/coursera_chrome_extension_migrations', 'nickeljew/react-month-picker', 'albertywu/enumerate', 'BobKnothe/autoNumeric', 'andrew-w-ross/typings-history', 'coatue/SlickGrid', 'ded/bowser']"
238,1,3185573,BrainCrumbz,"['BrainCrumbz/YANGTSE', 'bayorigin/uniqid', 'mattflo/NSpec', 'brendankowitz/Caliburn.Micro.Autofac', 'ngrx/store-log-monitor', 'shiftkey/Reactive.EventAggregator', 'ngrx/example-app', 'ngrx/router-store', 'louthy/language-ext']"
239,1,570823,bkish,[]
240,1,10524623,sludge256,['sludge256/hello-world']
241,1,58372,bcantoni,"['datastax/python-driver', 'stoyan/perfplanet', 'riptano/ComboAMI', 'sahat/hackathon-starter', 'feross/feross.org', 'datastax/spark-cassandra-connector', 'pcmanus/ccm', 'datastax/SparkBuildExamples']"
242,1,1653636,brianwu02,"['sahat/hackathon-starter', 'sahat/jsrecipes']"
243,1,8886415,BrianZ1,[]
244,1,9906718,brianamarie,"['githubteacher/practice-sinatra', 'githubteacher/sep-19-developers', 'brianamarie/github-games-1', 'brianamarie/github-games', 'githubschool/on-demand-github-pages', 'github/training-kit', 'githubschool/open-enrollment-classes-introduction-to-github', 'akopyanGit/github-games', 'brianamarie/practice-sinatra', 'githubteacher/devs-oct-17', 'FreeCodeCamp/hikes']"
245,1,11773056,cameronpattisall,[]
246,1,8584475,CarlMungazi,"['mkjs/talks', 'denysdovhan/bash-handbook', 'balderdashy/sails', 'Microsoft/CNTK', 'bryanbraun/twitter-listbot', 'DrkSephy/es6-cheatsheet', 'praekelt/vumi', 'kinlane/api-evangelist', 'braydie/HowToBeAProgrammer', 'txusballesteros/sliding-deck', 'aurelia/framework', 'emberjs/ember.js', 'mxstbr/login-flow']"
247,1,2533088,carloselhalabi,"['Flisol-VE/Arte', 'carloselhalabi/blog', 'QRDA-VE/Website', 'qr-da/qr-da', 'Flisol-VE/docs', 'tapio/live-server', 'Apretaste/Core']"
248,1,13308917,ChadKreutzer,"['TheOdinProject/theodinproject', 'TheOdinProject/curriculum']"
249,1,15967809,ChaituVR,['FreeCodeCamp/wiki']
250,1,6734695,xynz,[]
251,1,4824630,charlottetan,['daviscodesbugs/gamepiece-json']
252,1,1646003,seafoodbuffet,['sahat/hackathon-starter']
253,1,2825,ceejayoz,"['sahat/hackathon-starter', 'zeuxisoo/php-slim-whoops', 'stevestreza/DevCenter.me', 'twbs/bootstrap', 'ceejayoz/phumbor', 'mewebstudio/Purifier', 'laravel/framework', 'rchouinard/rych-otp', 'etrepat/baum', '99designs/phumbor']"
254,1,327323,Kwpolska,"['toddmotto/html5blank', 'VoLuong/Begin-Latex-in-minutes', 'getnikola/wheelhouse', 'getnikola/nikola']"
255,1,16032631,chrisipanaque,['FreeCodeCamp/wiki']
256,1,1000404,chris-ramon,"['gopherconbr/talks', 'chris-ramon/douceur', 'sourcegraph/srclib', 'influxdata/influxdb', 'opentracing/basictracer-go', 'graphql-go/graphql', 'jung-kurt/gofpdf', 'sourcegraph/srclib-css', 'sourcegraph/appdash', 'patcito/angular-notify']"
257,1,18238800,ChuanfengZhang,"['ChuanfengZhang/slideshow', 'ChuanfengZhang/A-Personal-Portfolio-Webpage', 'qiu-deqing/FE-learning', 'azat-co/expressworks', 'ChuanfengZhang/hello-world', 'ChuanfengZhang/A-Random-Quote-Machine', 'ChuanfengZhang/My-Weather-App', 'Rafase282/My-FreeCodeCamp-Code', 'ChuanfengZhang/Image-gallery']"
258,1,1357940,codetweetie,[]
259,1,711762,Zenith-One,"['daviscodesbugs/gamepiece-json', 'Zenith-One/MinecraftForge', 'MinecraftForge/MinecraftForge']"
260,1,742045,daltonrooney,"['gambitph/WP-OTF-Regenerate-Thumbnails', 'woocommerce/woocommerce']"
261,1,6657122,damon-myers,"['damon-myers/damon-myers.github.io', 'crowdresearch/crowdsource-platform', 'damon-myers/mixerfox', 'godotengine/godot']"
262,1,8128944,rawreef,"['feathersjs/feathers-docs', 'elixir-lang/elixir-lang.github.com']"
263,1,5865302,danielrob,"['FCCMontreal/FCCMontreal', 'danielrob/stockify', 'Bloc/rails-web-dev-example-collaboration-repo', 'electron/electron-compile']"
264,1,13170765,DarrenfJ,"['DarrenfJ/recipes', 'DarrenfJ/github-for-developers-7', 'DarrenfJ/Lazywaytolinkfarm', 'DarrenfJ/New-for-GitHub-training']"
265,1,1226900,DrkSephy,"['geekcamp-ph/awesome-hackathon-starters', 'rosarior/awesome-django', 'DrkSephy/mtsp', 'Giphy/GiphyAPI', 'photonstorm/phaser', 'melvin0008/awesome-projects-boilerplates', 'legionJS/legionJS', 'venegu/wobbly-wing', 'hackoose/hackoose.github.io', '3rd-Eden/memcached', 'chessmasterhong/WaterEmblem', 'venegu/ccnyacm.github.io', 'venegu/vitanao', 'venegu/unheard-in-space']"
266,1,8418542,davidojedalopez,['bmkmanoj/js-by-examples']
267,1,16620486,dkat90,"['jeremiahalex/wdi-sg-2', 'dkat90/vigilant-doodle', 'mummypokopants/Project-3']"
268,1,619340,zeffii,"['zeffii/b3d_osc_panel', 'nortikin/sverchok']"
269,1,3866405,Deborah-Digges,"['swcarpentry/sql-novice-survey', 'destino92/FEND-P6-1-Neighborhood-Map', 'weecology/retriever', 'jupyterlab/jupyterlab', 'unnati-xyz/intro-R-data-science', 'destino92/Udacity-arcade_game', 'RobSullivan/pmc-ref', 'aosabook/500lines', 'Deborah-Digges/shooting-viz', 'intuit/node-pom-parser', 'ChillarAnand/python-101', 'datacarpentry/python-ecology-lesson']"
270,1,7506359,demipixel,"['PrismarineJS/mineflayer', 'rgoliveira/AwesomeBot', 'PrismarineJS/flying-squid']"
271,1,1199105,dtraid,[]
272,1,7032563,domicode,"['fun-ruby/ruby-meetup2', 'lawbro3000/meals-on-wheels', 'panter/dashboard.panter.ch', 'panterch/ananas', 'domicode/git-accounting', 'panterch/ror_ch', 'AnalogJ/matchmedia-ng', 'chingyawhao/materialize-clockpicker']"
273,1,12506224,pkshreeman,"['pkshreeman/FirstRepository', 'pkshreeman/github-for-developers-7']"
274,1,12992182,elisecode247,[]
275,1,5697907,Endi1,"['codebar/planner', 'eknuth/slush-jekyll', 'fbrusch/lezioni', 'joakimskoog/AnApiOfIceAndFire', 'TalAter/annyang', 'fosjump/fosjump', 'bhanderson/pbnh']"
276,1,16865058,nsgonultas,"['joaoventura/pylibui', 'Kallaway/100-days-of-code', 'jekyll/jekyll', 'kosamari/web.advent.today']"
277,1,13489381,wildlifehexagon,[]
278,1,622118,edm00se,"['waffle-iron/generator-xsp', 'ebdrup/html2pdf.it', 'edm00se/DevBlog', 'whitemx/xcontrols-domino', 'nthjelme/nodejs-domino', 'adambard/learnxinyminutes-docs', 'edm00se/generator-presto-preso', 'PatrickKwinten/born-social', 'kentcdodds/p-s', 'edm00se/cs-net-3', 'edm00se/generator-xsp']"
279,1,4449468,ethanx94,"['Hackalist/Hackalist.github.io', 'SIU-CS-435/RARE-production', 'unmonk/dirclean', 'siucacm/Challenges', 'unmonk/JPTV', 'ethanx94/Sandbox', 'arjunyel/HackSI-Hackemon', 'ethanx94/HTMLBasics', 'jake32321/SalukiLAN_Django_Base', 'HackathonHackers/personal-sites']"
280,1,11466676,faheel,"['Leaflet/Leaflet', 'TycheOrg/Tyche']"
281,1,6986862,farhd,[]
282,1,1006477,felixonmars,"['jgm/pandoc-citeproc', 'jd/pifpaf', 'apache/incubator-predictionio', 'Gallopsled/pwntools', 'getsentry/raven-python', 'braintree/braintree_python', 'lierdakil/pandoc-crossref', 'zerodb/zerodb', 'shadowsocks/shadowsocks-qt5', 'Gabriel439/Haskell-Pipes-HTTP-Library', 'commercialhaskell/stack', 'Nefelim4ag/systemd-swap', 'karellen/karellen-geventws', 'LCTT/TranslateProject', 'jaspervdj/hakyll', 'manateelazycat/deepin-terminal', 'Kozea/pygal', 'Suor/whatever']"
283,1,6923782,formap,"['dubtrack/www-dubtrack-fm', 'apache/maven', 'dasilvacontin/gh-sauce', 'dasilvacontin/openclass', 'dasilvacontin/ag-drift', 'dasilvacontin/animus', 'dasilvacontin/clothes']"
284,1,5076383,zersiax,"['brandenbyers/tinkerplate', 'FreeCodeCamp/wiki', 'Microsoft/vscode-docs']"
285,1,4754508,franzwr,"['rvm/rvm-site', 'akhodakivskiy/VimFx', 'samsquire/ideas', 'eon8ight/shitpost-learner']"
286,1,10951420,agparadiso,['denieler/save-workspace-atom-plugin']
287,1,4554346,geoff616,[]
288,1,2975652,g1na1011,['GameHub1/gamehub']
289,1,1633518,firstdoit,"['reactjs/redux', 'goatslacker/alt', 'vtex/node-vtex-api', 'afonso-praca/theme', 'vtex/releasy', 'coryhouse/react-slingshot', 'kilimchoi/engineering-blogs', 'vtex/toolbelt', 'dthree/wat', 'nvbn/thefuck', 'vtex/eslint-config-vtex', 'jdan/cleaver']"
290,1,9591826,HKuz,['bonham000/fcc-react-tests-module']
291,1,8568277,hristijankiko,[]
292,1,6832281,IeuanG,"['meteor/meteor', 'nwjs/nw.js', 'hnarayanan/shpotify']"
293,1,6853370,iogburu,[]
294,1,5733224,InsomniacSabbir,"['cltk/cltk', 'howtocode-com-bd/sh.howtocode.com.bd', 'cltk/sanskrit_text_dcs', 'cltk/latin_text_lacus_curtius', 'cltk/greek_text_lacus_curtius']"
295,1,302295,zerkms,"['thephpleague/oauth2-server', 'sonata-project/GoogleAuthenticator', 'octobercms/october', 'ivan-kleshnin/cyclejs-examples', 'cykl/infoqscraper', 'willshersystems/ansible-sshd', 'rkit/react-select2-wrapper', 'tomkp/react-split-pane', 'symfony/monolog-bundle', 'scheb/two-factor-bundle', 'elm-wellington/math-trainer', 'jurassix/react-immutable-render-mixin', 'schmittjoh/serializer']"
296,1,8586769,JacksonKearl,"['JacksonKearl/LilyPad', 'JacksonKearl/FreeBody', 'cdipaolo/FreeBody', 'JacksonKearl/FreeCodeCamp', 'HumanDynamics/openbadge-hub']"
297,1,33527,jadb,"['VarCI/support', 'josegonzalez/php-dotenv', 'ziadoz/awesome-php', 'UseMuffin/OAuth2', 'ApiGen/ThemeBootstrap', 'ApiGen/ApiGen', 'WyriHaximus/var.ci-playground', 'phpfu/dotfiles', 'composer/composer', 'jadjoubran/laravel5-angular-material-starter', 'UseMuffin/Footprint', 'FriendsOfCake/crud', 'markstory/mini-asset', 'CachetHQ/Docker', 'cakephp/cakephp']"
298,1,13711204,Jago-Kosolosky,[]
299,1,15024562,jaikamat,"['ris0/StackStore', 'jaikamat/capstone']"
300,1,6125322,SnoopJeDi,"['OmarShehata/Airena', 'SnoopJeDi/loseit']"
301,1,9949268,imjamesdotme,"['imjamesdotme/github-games', 'githubteacher/nov-28-dev']"
302,1,5954592,JamesWorsnop,['JamesWorsnop/Tribute']
303,1,16640692,contrepoint,"['turbopape/scheje', 'contrepoint/depot2', 'hexorx/countries', 'contrepoint/depot', 'contrepoint/facebook-clone', 'contrepoint/tictactoe-actioncable-sqlite3', 'contrepoint/tictactoe-2player', 'contrepoint/clone-airbnb', 'contrepoint/tictactoe-actioncable', 'edmundyap/tweetclone', 'guard/guard-rspec', 'contrepoint/time2eat']"
304,1,949393,stewartjarod,"['conspire-org/laptop', 'tj/git-extras', 'sahat/hackathon-starter', 'stewartjarod/stewartjarod.github.io', 'sendgrid/docs', 'stewartjarod/dotfiles']"
305,1,12961957,Jaskaranbir,['Jaskaranbir/jaskaranbir.github.io']
306,1,13974588,IanvsPoplicola,[]
307,1,11380129,therahl,"['adazzle/react-data-grid', 'therahl/theRahl.github.io', 'lennd/react-data-grid', 'smcfarlane/Barter', 'therahl/react-select', 'therahl/photoShare']"
308,1,13009981,johnmhenson,"['yob/pdf-reader', 'evantahler/actionhero', 'SciRuby/sciruby']"
309,1,8172453,VoyagerPunk,"['discogs/discogs-i18n', 'discogs/discogs_client', 'brianbriles/cs161-fractals', 'kneitinger/binPrimes']"
310,1,10797898,Chiouonthis,['AkronCodeClub/intro-to-open-source']
311,1,10248067,jonboiser,"['benmosher/eslint-plugin-import', 'syl20bnr/spacemacs', 'tldr-pages/tldr', 'marionettejs/backbone.radio', 'elm-community/array-extra', 'Surnet/swagger-jsdoc', 'facebook/flow', 'brunch/eslint-brunch', 'hadley/lubridate', 'raulchen/alfred-volume-control', 'scala-exercises/exercises-stdlib', 'exercism/xr', 'elm-community/Manifesto', 'remixz/publish-release', 'nylas/N1', 'mbutterick/pollen', 'donnut/typescript-ramda', 'yelouafi/redux-saga', 'expede/awesome-relay', 'caolan/highland', 'exercism/x-common', 'geksilla/atom-fuzzy-grep', 'elm-community/maybe-extra', 'jacktasia/dumb-jump', 'koajs/koa']"
312,1,1538744,jlslew,['phpDocumentor/template.responsive']
313,1,8844453,JonW27,"['JonW27/JonW27.github.io', 'bhavrish/bhavrish.github.io', 'ripienaar/free-for-dev']"
314,1,19190873,Jonib3k,[]
315,1,7416811,jorgeruvalcaba,[]
316,1,1178493,josevill,"['ManrajGrover/SingleDivProject', 'jonathanlermitage/tikione-steam-cleaner', 'Jays2Kings/DS4Windows', 'tucargagn/tucargagn.github.io']"
317,1,362715,josephbreihan,"['CitronDigital/git-workshop', 'DaveBackus/Amazon_Global_Economy', 'python-babel/babel']"
318,1,17263383,joechan3,[]
319,1,515572,jhuynh85,[]
320,1,2934976,joshghent,"['jmcriffey/es6-fiddle-web', 'joshghent/notes', 'maridco/marid-frontend', 'zen-audio-player/zen-audio-player.github.io']"
321,1,6731704,JoshWein,"['JoshWein/vrgames', 'JoshWein/bootify']"
322,1,671721,juanpastas,"['NetSweet/netsuite', 'lml/commontator', 'alebcay/awesome-shell', 'bigboxsoftware/dokku-sidekiq', 'james2m/seedbank', 'markets/awesome-ruby', 'microjs/microjs.com', 'ekremkaraca/awesome-rails', 'andrewculver/koudoku', 'e2/nenv']"
323,1,20340346,SnoopyRules,[]
324,1,4663436,jlappano,"['tommyb67/TodoApp', 'jlappano/AppalachianTrailblazer', 'triketora/women-in-software-eng', 'tommyb67/gifbomb']"
325,1,17994108,jwoo92,[]
326,1,13425721,Kalcode,[]
327,1,1824298,karanjthakkar,"['react-ga/react-ga', 'GoogleChrome/lighthouse', 'Skalar/ember-keyboard-shortcuts', 'feross/webtorrent-desktop', 'yarnpkg/yarn', 'airbnb/javascript', 'ubilabs/react-geosuggest', 'google/material-design-lite', 'karanjthakkar/lister-frontend', 'GoogleChrome/web-push-encryption', 'emberjs/data', 'mozilla/science.mozilla.org', 'sindresorhus/query-string', 'cfjedimaster/brackets-caniuse', 'redfin/react-server', 'npm/marky-markdown', 'vvo/gifify']"
328,1,153021,karel1980,"['SeleniumHQ/docker-selenium', 'marc-portier/mfjcs', 'iRail/iRail']"
329,1,10225468,kalila855,[]
330,1,5681827,NaitoKenzo,[]
331,1,1112379,KevinBusse,"['KevinBusse/PBEWithMD5AndDES', 'ctavan/express-validator', 'sahat/hackathon-starter', 'containous/traefik', 'rxaviers/cldr-data-downloader']"
332,1,5507725,kevindessely,[]
333,1,2237012,meecoder,"['FCCWebCrafts/FCCWebCrafts.github.io', 'FCCWebCrafts/FreeCodeChat', 'GeneralCSD/Batch-Files']"
334,1,15934219,KonSal,[]
335,1,202344,kmiasko,"['tmux-plugins/tmux-resurrect', 'kmiasko/gallery2']"
336,1,205760,kemitchell,"['feross/multistream', 'shama/bel', 'maxogden/ndjson', 'kemitchell/writing', 'pull-stream/pull-next', 'pull-stream/pull-stream', 'nodejs/nan', 'npm/policies', 'commonform/commonform-orrick', 'npm/registry-follower-tutorial', 'nodejs/node', 'substack/node-charm']"
337,1,16967312,tadake,"['tadake/arcticwolf', 'OperationCode/operationcode']"
338,1,15963,leemunroe,"['dcos/dcos-website', 'mesosphere/marathon-ui', 'leemunroe/motherplate', 'mesos/chronos', 'leemunroe/grunt-email-workflow', 'mesosphere/marathon', 'rackerlabs/mimic', 'mesosphere/cnvs', 'mailgun/documentation', 'leemunroe/responsive-html-email-template', 'dcos/dcos-ui']"
339,1,10902904,LeeWarnock,"['LeeWarnock/storybook-addon-material-ui', 'Randallward/GitForked', 'sm-react/storybook-addon-material-ui', 'amarlearning/Pingetron']"
340,1,7015379,LibanTheDev,"['docker/kitematic', 'GermantownCodes/website', 'LibanTheDev/WikiViewer', 'PristineWebSolutions/PristineWebSolutions']"
341,1,7563378,LindsayBrown81,"['LindsayBrown81/exploreMapPy', 'NodeDC/es2015-in-node', 'rdeprey/exploreMapPy', 'vinceglick/vba-library-2015']"
342,1,855365,lurraca,"['djavier/oop-api', 'MiniCorp/database-dsc', 'maxjacobson/film_snob', 'developersdo/learning', 'sahat/hackathon-starter', 'clearbit/clearbit-ruby', 'google/google-api-ruby-client-samples', 'hminaya/SDQ', 'radar/dotiw', 'gotjosh/rackbox-cookbook', 'AngularClass/NG6-todomvc-starter', 'ffaker/ffaker']"
343,1,1937582,WiNloSt,"['WiNloSt/js-editor', 'pladib/karaoke', 'WiNloSt/react-introduction-101']"
344,1,6912981,waffle-iron,"['JPZ13/polyglot', 'joesweeny/cocktales', 'garyb1/treehouseProfiler', 'project-bitmark/bitmark-storage', 'wizzup/battleground', 'bdeckard92/Happy-Medium', 'pelensky/VRADbnb', 'GuilhermeBenites/Puppy', 'Kamikazilady/wharehauora-server', 'ShepherdOnline/ShepherdOnline', 'proidiot/gone', 'Dicondur/SimpleScaling', 'WhareHauora/wharehauora-sensor', 'honeymarket/mesilad.mesindus.ee', 'json-schema-org/json-schema-org.github.io', 'jetthoughts/lyoutube', 'owlas/moma', 'munkireport/munkireport-php', 'coffedahl/Intereuse-UF', 'CraZySacX/ellmak', 'DD-DeCaF/scrum']"
345,1,7333640,tf2manu994,"['andreapaiola/F-D-', 'Toms42/sweep-ai', 'jekyll/jekyll']"
346,1,7417469,manshantsingh,[]
347,1,13572901,erratadei,['erratadei/hello-world']
348,1,20388195,MFogleman,['MFogleman/fcc_front_end']
349,1,824753,qubyte,"['vizia/eslint-config-vizia', 'qubyte/toisu', 'qubyte/toisu-static', 'BrandwatchLtd/routemaster', 'vizia/vendor-copy', 'BrandwatchLtd/daterangepicker', 'qubyte/sitemap', 'qubyte/szalinski', 'qubyte/sitemapper', 'qubyte/rubidium', 'qubyte/vertebrate-event-emitter', 'qubyte/es2015-deferred', 'qubyte/toisu-body', 'qubyte/eslint-config-qubyte', 'qubyte/fetch-ponyfill', 'chrisnewtn/konfiga', 'qubyte/toisu-router']"
350,1,879889,MartinDelille,"['NotSqrt/mattermost-integration-gitlab', 'PoissonPilote/status-api', 'Widdershin/sonic-pi-cli', 'ShapeLab/SwarmUI', 'liberapay/salon', 'thestk/rtmidi', 'lpil/sonic-pi-tools', 'espeak-ng/espeak-ng', 'liberapay/liberapay.com', 'mattermost/mattermost-api-reference', 'joonty/vdebug', 'clairezed/marges', 'Phonations/joker']"
351,1,1292945,matheusazzi,"['dflynn15/gulp-jasmine-phantom', 'craftyjs/Crafty', 'yeoman/generator-webapp_DEPRECATED', 'felquis/jasmine-test', 'sahat/hackathon-starter', 'expressjs/express', 'TryGhost/Ghost', 'braziljs/js-the-right-way', 'google/web-starter-kit', 'koajs/koa']"
352,1,5931719,MatheusGodinho,['Webschool-io/be-mean-instagram-mongodb-exercises']
353,1,10343964,MDAWebDev,[]
354,1,7202935,matty22,"['NetanelBasal/angular2-storage-sync', 'daviscodesbugs/gamepiece-json', 'jlord/patchwork', 'matty22/PortfolioSite', 'FreeCodeCamp/wiki', 'BellevueCampsite/MarioKartRandomizer']"
355,1,2032746,akkatracker,"['appetizermonster/hain', 'carekit-apple/CareKit', 'zyedidia/micro', 'robinhood/thorn', 'zen-audio-player/zen-audio-player.github.io', 'PowerShell/PowerShell', 'cgeo/cgeo', 'akkatracker/vim', 'ArduPilot/ardupilot', 'akkatracker/fonts', 'Leaflet/Leaflet', 'devtools-html/debugger.html', 'adaojunior/english-verbs', 'google/fonts']"
356,1,14873836,matthewfortier,['lcdi/Inventory']
357,1,3592448,GreyhoundIt,[]
358,1,1103591,glynnw,"['lynndylanhurley/ng-token-auth', 'syl20bnr/spacemacs', 'glynnw/timestamp-microservice']"
359,1,8389445,SMaxOwok,"['SMaxOwok/qa_server_tests', 'SMaxOwok/change-counter', 'SMaxOwok/rails-pinning-app', 'SMaxOwok/se12-payment-new']"
360,1,3792228,michaelchum,"['HackathonHackers/personal-sites', 'facebook/relay', 'fanbeatsman/codejam', 'sahat/hackathon-starter', 'kadirahq/graphql-blog-schema', 'lukhnos/objectiveflickr', 'yahoo/yos-social-objc', 'dcottr/scavengers-ios', 'careercup/ctci', 'vhf/free-programming-books', 'andyzg/PageLapse', 'graphql/graphql-relay-js', 'Shopify/hack-mcgill']"
361,1,74952,michaelkebe,"['masmu/pulseaudio-dlna', 'michaelkebe/NodeJS-Handbook', 'AlphaHydrae/jasmine-growl-reporter']"
362,1,4515110,mtn,"['ctd-html/ctd-html.github.io', 'lukleh/haskell-book-exercises', 'santheo/santheo.github.io']"
363,1,101573,amorphid,"['elixir-lang/elixir', 'SpaceballsThe/dark_tree_ruby_gem', 'amorphid/configure_it_out', 'amorphid/hash_ish', 'SixArm/sixarm_ruby_geometry', 'xzyfer/us-travel-checklist', 'KamilLelonek/yaml-elixir', 'moss-rb/usastandards-rails', 'acrosa/voldemort-rb', 'amorphid/srm', 'systemd/systemd']"
364,1,138143,rissem,"['electron-webapps/meteor-electron', 'Sanjo/meteor-jasmine', 'meteor-velocity/velocity-examples', 'mad-eye/apogee', 'werk85/node-html-to-text', 'meteor/meteor', 'xolvio/jasmine-unit', 'meteor-velocity/node-soft-mirror', 'sahat/hackathon-starter', 'meteor-velocity/velocity-website', 'Respondly/meteor-test-reporter', 'mad-eye/meteor-mocha-web', 'meteor-velocity/velocity', 'jupyter/docker-stacks', 'mad-eye/azkaban', 'codinghousesubmissions/codingHouseHours']"
365,1,8065367,Locheed,[]
366,1,133568,MWGitHub,"['MWGitHub/tinykey', 'jwplayer/jwplayer', 'webpack/webpack', 'pixijs/pixi.js', 'MWGitHub/focus-core', 'tgriesser/knex', 'MWGitHub/angular.js', 'MWGitHub/mmosnake', 'drod180/meta_rift']"
367,1,3628821,Isocene,[]
368,1,9114821,myang310,"['ProjectArena/webapp', 'nutritionfactsorg/daily-dozen-android', 'myang310/myang310.github.io', 'arvind001/HackCooper2.0']"
369,1,8184277,mnttnm,[]
370,1,22350740,mridulnagpal,"['mridulnagpal/FreeCodeCamp', 'publiclab/plots2', 'freedombox/Plinth']"
371,1,6155064,Munsterberg,"['Munsterberg/jwrussell', 'Munsterberg/lolscrim', 'Munsterberg/akin', 'extramundane/extramundane.github.io', 'Munsterberg/theboiler', 'FreeCodeCamp/wiki', 'Munsterberg/adeo']"
372,1,1308560,muratsu,"['bterlson/test262-harness', 'apache/cordova-plugin-camera', 'nodesource/npmsearch', 'x64dbg/x64dbg', 'apache/cordova-windows', 'apache/cordova-coho', 'apache/cordova-docs', 'joshuaferrara/node-csgo', 'apache/cordova-plugin-device-motion', 'modelo/node-unzip-2', 'apache/cordova-registry-web']"
373,1,7256944,ngalluzzo,['ngalluzzo/rescue']
374,1,8828810,NicholasAsimov,['clappr/clappr']
375,1,14286119,cashhh,['elementary/Reddit-CSS']
376,1,1529046,treetop24,[]
377,1,948922,nhquiroz,"['nhquiroz/codewars', 'FreeCodeCampBA/website', 'TheOdinProject/curriculum', 'bevacqua/2016.nodeconf.com.ar', 'nodejs/nodejs.org', 'FreeCodeCampBA/freecodecampba.github.io', 'nhquiroz/curriculum']"
378,1,10459779,oharrison,"['open-source-society/ossu-api', 'oharrison/math-function-checker', 'oharrison/random-quote-machine', 'oharrison/recipes', 'cloudspace/angular_devise', 'oharrison/github-games']"
379,1,3442898,oscarkaypee,[]
380,1,522617,zonetti,"['sahat/hackathon-starter', 'indexzero/http-server', 'sricola/socode', 'nodebr/nodebrbot']"
381,1,7363962,Pat-Ayres,[]
382,1,12044051,paul-howard,['caskroom/homebrew-fonts']
383,1,16139640,PedroCSSilva,"['NYTimes/kyt', 'PedroCSSilva/hello-world', 'blaues0cke/PiSleepTalk']"
384,1,5581195,petrgazarov,"['Flipboard/react-canvas', 'cdnjs/cdnjs', 'plataformatec/simple_form', 'appacademy/uber_slack', 'policygenius/seal', 'policygenius/laptop', 'petrgazarov/mealpal-orderer', 'petrgazarov/hackin-the-retirement', 'jfriestedt/modsta', 'petrgazarov/engineer-notifier']"
385,1,1408285,Phazz,"['Phazz/shortlist', 'exercism/exercism.io', 'mgrachev/easy-s3', 'Phazz/exercism.io']"
386,1,840539,pietromenna,"['recursecenter/community', 'pietromenna/jekyll-architect-theme', 'JEG2/highline', 'technomancy/leiningen', 'kenpratt/wikipedia-client', 'pietromenna/pietromenna.github.io', 'mattvh/jekyllthemes', 'frankrafael/grunt-middleware-proxy', 'nathanmarz/specter', 'fredrb/codepen-downloader', 'fredrb/ps-clone', 'kenpratt/rusty_torrent', 'luminus-framework/luminus', 'pietromenna/jekyll-cayman-theme', 'maurobio/wikipedia-client', 'DaveyPocket/GoSockSnakesIOJS']"
387,1,10646897,PranayJuneCS,"['appfolio/react-native-async-http', 'appfolio/react-native-webview-crosswalk', 'AppFolioOnboarding/Pranay', 'sophiazheng/CS169_Great_Course_Guide', 'Laucity/shareio', 'jordansexton/react-native-webview-crosswalk']"
388,1,829526,pra85,"['keystonejs/keystonejs-site', 'kenwheeler/slick', 'mozilla/nunjucks', 'linnovate/mean', 'jgm/pandoc', 'bustlelabs/mobiledoc-kit', 'alexwolfe/Buttons', 'LeaVerou/bliss', 'JonHMChan/descartes', 'dustturtle/RealReachability', 'aFarkas/lazysizes', 'Medium/phantomjs', 'commitizen/cz-cli', 'dimsemenov/PhotoSwipe', 'oddbird/susy', 'cytoscape/cytoscape.js', 'pagekit/docs', 'segmentio/nightmare', 'svg/svgo', 'christophery/pushy', 'dchester/epilogue', 'toddmotto/public-apis', 'bodymovin/bodymovin', 'noraesae/perfect-scrollbar', 'syoyo/tinyobjloader', 'MikeMcl/decimal.js', 'Rich-Harris/ramjet']"
389,1,12785390,Pwter,['andischerer/atom-keyboard-localization']
390,1,1639945,xRahul,"['stormpath/stormpath-laravel', 'Tjoosten/website', 'pjhampton/Gramophone', 'xRahul/xRahul.github.io', 'ansble/monument', 'ayxos/react-cellar', 'waylaidwanderer/FicSave', 'chadfawcett/mailhound', 'geekcom/phpjasper', 'suspended/hack-hacktoberfest', 'RogerCreasy/usefulJquery', 'greenlion/PHP-SQL-Parser', 'xRahul/symfony-docker', 'deleepa/simple-api-server', 'porthos-rpc/porthos-dashboard', 'sm-react/storybook-addon-material-ui', 'CachetHQ/Docker']"
391,1,8090159,rajkthakur,['rajkthakur/hello-world']
392,1,15251837,Ramon-Carroll,[]
393,1,14840334,rashmimalpande,[]
394,1,17837523,RhysDeimel,[]
395,1,22158884,raalejandre,[]
396,1,171905,richchurcher,"['dev-academy-programme/feedbacker', 'nikau-2016/stupid-questions-client', 'dev-academy-challenges/react-paws-for-effect', 'kauri-2016/stupid-questions', 'dev-academy-programme/curriculum', 'tina-trenkner/TypoCountr', 'dev-academy-programme/orientation', 'paixaop/node-sodium', 'kahikatea-2016/harvestr', 'mixmix/blogposts', 'dev-academy-programme/concepts']"
397,1,538542,rngadam,"['xinchejian/bouncer', 'Prepsmith/circleci_webhook_listener', 'coderbunker/candra', 'skycoin/skycoin-exchange', 'Sewerbird/blooming-suns', 'open-keychain/open-keychain.github.io', 'contentful/contentful-export', 'GluuFederation/docs']"
398,1,239849,mriyaz,"['mriyaz/recipes', 'udacity/create-your-own-adventure', 'mriyaz/create-your-own-adventure']"
399,1,2695172,robjohnson189,"['home-assistant/home-assistant.github.io', 'iancoleman/bip39', 'home-assistant/home-assistant', 'pavoni/pyvera', 'sahat/hackathon-starter', 'bitpay/insight-api', 'bitcoin/bips', 'bitpay/copay']"
400,1,8172613,Rlin415,"['OnBelayApp/hr-alumni', 'medup/medup']"
401,1,292733,rtperson,[]
402,1,1551787,EMChamp,[]
403,1,1176711,rosswilson,"['dstroot/skeleton', 'sahat/hackathon-starter', 'codebrew/backbone-rails', 'fmtvp/browser-sync-tal', 'MiniProfiler/rack-mini-profiler', 'bootstrap-ruby/rails-bootstrap-forms', 'nodeca/mincer', 'fmtvp/talexample']"
404,1,9901069,rustyautoparts,"['rustyautoparts/timeCoordinatorApp', 'FCCWebCrafts/timeCoordinatorApp']"
405,1,12587988,RyanWillDev,"['RyanWillDev/brew-rank', 'RyanWillDev/ryanwilldev.github.io']"
406,1,137759,ryanjohnston,"['yeoman/generator-webapp', 'miketaylr/coccyx.js', 'ryanjohnston/wildwestbadlandstours.com', 'ryanjohnston/ryanjohnston.github.io', 'britg/MultistrokeGestureRecognizer-iOS', 'responsive-ui-elements/bootstrap-ui-elements', 'paintget/node-canvas', 'RazorfishGermany/front-end-styleguide', 'neilcrookes/CakePHP-Blog-Plugin']"
407,1,145812,Rybar,"['FreeCodeCamp/assets', 'rezoner/playground', 'ideabrian/ideas-for-new-programmers', 'Rybar/gamebones', 'FreeCodeCamp/hikes']"
408,1,11920517,sachinmour,[]
409,1,6665005,sageio,"['udaciouspeople/ND-Resources', 'turingschool/curriculum']"
410,1,11574403,Salt7900,"['Salt7900/open_sky_network', 'khonkala/ScreenRecorder.js', 'Salt7900/ProjectEulerSolutions']"
411,1,347714,sanspace,"['arunsugan/scepter', 'simplysuga/noolagam', 'JeffreyWay/Laravel-4-Generators', 'tpope/vim-pathogen', 'incompl/csslayoutsite', 'WebpageFX/emoji-cheat-sheet.com', 'FreeCodeCamp/nonprofit-email-service', 'pullrequestday/pullrequestday', 'holman/ama', 'raj-subhankar/HumansOfGitHub', 'PerfectSlayer/scrollupfolder']"
412,1,8147210,scottmcallister,['goferito/node-bing-api']
413,1,5706159,Sazumo,['Sazumo/freecodecamp']
414,1,18126719,bonham000,"['no-stack-dub-sack/fcc-drum-machine', 'bonham000/bonham000.github.io']"
415,1,507195,gavruk,"['paralect/uniform', 'paralect/robomongo', 'mileszs/ack.vim', 'sahat/hackathon-starter', 'Foxandxss/angular-tips']"
416,1,1948197,sharang-d,"['sharang-d/gaana-dl', 'webonise/capsize', 'bigbinary/boxy', 'mozilla/web-ext', 'webpack/webpack', 'smtalim/exercise3', 'itsabot/abot']"
417,1,1948858,sheriallis,[]
418,1,8204778,SherylHohman,"['papers-we-love/papers-we-love', 'marmelab/javascript-boilerplate', 'webpack/extract-text-webpack-plugin', 'bae-synchronous/bae-synchronous', 'lisposter/github-pagination', 'Git-Life/Git-Life', 'sayanee/dotfiles', 'SherylHohman/Git-Life', 'koajs/koa', 'sayanee/build-podcast']"
419,1,1393746,shivateja,"['apache/flink', 'sahat/hackathon-starter']"
420,1,3150,shlomif,"['jabiertxof/gimpToSVG', 'mpv-player/mpv.io', 'sharkdp/cube-composer', 'StrawberryPerl/strawberryperl.com', 'mpapierski/libtap', 'kmx/perl-Crypt-OpenSSL-DSA', 'szabgab/perlweekly', 'thomasmoelhave/tpie', 'onqtam/awesome-cmake', 'melanierichards/just-build-websites', 'ctrlo/Dancer2-Plugin-Auth-Extensible-Provider-DBIC', 'devtools-html/debugger.html', 'bevry/staticsitegenerators-list', 'juj/emsdk', 'metacpan/metacpan-web', 'houseabsolute/HTML-Mason', 'lk-geimfari/awesomeo', 'metacpan/github-meets-cpan']"
421,1,4639594,shubham1996,[]
422,1,723226,svisser,"['SparkPost/python-sparkpost', 'RichardLitt/awesome-styleguides', 'joblib/joblib', 'alecthomas/voluptuous', 'tardyp/dictns', 'PythonCHB/close_pep', 'nvie/dictmerge', 'bpython/bpython', 'jplana/python-etcd', 'marshmallow-code/marshmallow', 'brettcannon/caniusepython3', 'ambitioninc/fleming', 'getsentry/responses', 'CYHSM/chess-surprise-analysis', 'aktowns/purescript-simple-dom', 'nficano/gendo', 'jdunck/python-unicodecsv']"
423,1,923896,soichih,"['singularityware/singularity', 'zweifisch/openstack.js', 'sahat/hackathon-starter', 'select2/select2', 'grmble/node-dicom']"
424,1,10688959,stancheta,"['redaikidoka/ebfm', 'redaikidoka/rambutan', 'stancheta/adt-schema-flyway', 'code4sac/wicit', 'redaikidoka/ilp_admin']"
425,1,7391433,StevenXL,"['elixir-ecto/ecto', 'thoughtbot/bamboo', 'facebook/react-native', 'railsbridge/bridge_troll', 'kimchanyoung/nghborly', 'StevenXL/stevenxl.github.io', 'elixir-lang/elixir', 'doomspork/elixir-companies', 'StevenXL/practice-quote-middleware']"
426,1,13895099,taml,"['FreeCodeCamp/wiki', 'girldevelopit/gdi-website', 'taml/gdi-website', 'vutran/redux-ipc', 'facebook/draft-js', 'taml/FreeCodeCamp', 'o-d-i-n/all-contributors-atom', 'thebillkidy/roadwork', 'mattjegan/rancat']"
427,1,3011845,tlerias,[]
428,1,16584942,tearingItUp786,[]
429,1,3718939,taylorbryant,"['taylorbryant/bryant.io', 'wooplr/Spotlight']"
430,1,30994,ttotev,[]
431,1,10875678,xjlim,['jlord/patchwork']
